editor	role	affiliation	journal	issn	publisher	url	date	orcid
Gregory S. Barsh	Editorial Board	HudsonAlpha Institute of Biotechnology; Stanford University School of Medicine Huntsville, AL; Stanford, CA, USA Email: gbarsh@plos.org	PLOS Genetics	1553-7390	PLOS	https://journals.plos.org/plosgenetics/s/editorial-board	2022-01-18	NA
Gregory P. Copenhaver	Editorial Board	The University of North Carolina at Chapel Hill Chapel Hill, NC, USA Email: gcopenhaver@plos.org	PLOS Genetics	1553-7390	PLOS	https://journals.plos.org/plosgenetics/s/editorial-board	2022-01-18	NA
David J. Kwiatkowski	Editorial Board	Brigham and Women's Hospital, Harvard Boston, MA, USA	PLOS Genetics	1553-7390	PLOS	https://journals.plos.org/plosgenetics/s/editorial-board	2022-01-18	NA
Peter McKinnon	Editorial Board	St Jude Children's Research Hospital Memphis, TN, USA	PLOS Genetics	1553-7390	PLOS	https://journals.plos.org/plosgenetics/s/editorial-board	2022-01-18	NA
Wendy A. Bickmore	Editorial Board	Medical Research Council Human Genetics Unit Edinburgh, UK	PLOS Genetics	1553-7390	PLOS	https://journals.plos.org/plosgenetics/s/editorial-board	2022-01-18	NA
John M. Greally	Editorial Board	Albert Einstein College of Medicine New York, NY, USA	PLOS Genetics	1553-7390	PLOS	https://journals.plos.org/plosgenetics/s/editorial-board	2022-01-18	NA
Kirsten Bomblies	Editorial Board	ETH Zurich Zurich, Switzerland	PLOS Genetics	1553-7390	PLOS	https://journals.plos.org/plosgenetics/s/editorial-board	2022-01-18	NA
Bret Payseur	Editorial Board	University of Wisconsin Madison, WI, USA	PLOS Genetics	1553-7390	PLOS	https://journals.plos.org/plosgenetics/s/editorial-board	2022-01-18	NA
David Balding	Editorial Board	Melbourne Integrative Genomics School of BioSciences and School of Mathematics &amp; Statistics University of Melbourne Melbourne, Australia	PLOS Genetics	1553-7390	PLOS	https://journals.plos.org/plosgenetics/s/editorial-board	2022-01-18	NA
Chengqi Yi	Editorial Board	School of Life Sciences, Peking University Beijing, China	PLOS Genetics	1553-7390	PLOS	https://journals.plos.org/plosgenetics/s/editorial-board	2022-01-18	NA
Hua Tang	Editorial Board	Stanford University Stanford, CA, USA	PLOS Genetics	1553-7390	PLOS	https://journals.plos.org/plosgenetics/s/editorial-board	2022-01-18	NA
Scott M. Williams	Editorial Board	Case Western Reserve University School of Medicine Cleveland, OH, USA	PLOS Genetics	1553-7390	PLOS	https://journals.plos.org/plosgenetics/s/editorial-board	2022-01-18	NA
Claudia Köhler	Editorial Board	Swedish University of Agricultural Sciences (SLU) Uppsala, Sweden	PLOS Genetics	1553-7390	PLOS	https://journals.plos.org/plosgenetics/s/editorial-board	2022-01-18	NA
Li-Jia Qu	Editorial Board	Peking University Beijing, China	PLOS Genetics	1553-7390	PLOS	https://journals.plos.org/plosgenetics/s/editorial-board	2022-01-18	NA
Josep Casadesús	Editorial Board	Universidad de Sevilla Sevilla, Spain	PLOS Genetics	1553-7390	PLOS	https://journals.plos.org/plosgenetics/s/editorial-board	2022-01-18	NA
Lotte Søgaard-Andersen	Editorial Board	Max Planck Institute for Terrestrial Microbiology Marburg, Germany	PLOS Genetics	1553-7390	PLOS	https://journals.plos.org/plosgenetics/s/editorial-board	2022-01-18	NA
Jonathan Flint	Editorial Board	University of California Los Angeles Los Angeles, CA, USAFront Matter Section Editor	PLOS Genetics	1553-7390	PLOS	https://journals.plos.org/plosgenetics/s/editorial-board	2022-01-18	NA
Elizabeth M. C. Fisher	Editorial Board	University College London London, UKReviews Editor	PLOS Genetics	1553-7390	PLOS	https://journals.plos.org/plosgenetics/s/editorial-board	2022-01-18	NA
Petra Anne Levin	Editorial Board	Washington University in St. Louis St. Louis, MI, USAReviews Editor	PLOS Genetics	1553-7390	PLOS	https://journals.plos.org/plosgenetics/s/editorial-board	2022-01-18	NA
Christine Queitsch	Editorial Board	University of Washington Seattle, WA, USAReviews Editor	PLOS Genetics	1553-7390	PLOS	https://journals.plos.org/plosgenetics/s/editorial-board	2022-01-18	NA
Thomas Shafee	Editorial Board	La Trobe University Melbourne, AustraliaTopic Pages Editor	PLOS Genetics	1553-7390	PLOS	https://journals.plos.org/plosgenetics/s/editorial-board	2022-01-18	NA
A. Aziz Aboobaker	Editorial Board	University of Oxford Oxford, UK	PLOS Genetics	1553-7390	PLOS	https://journals.plos.org/plosgenetics/s/editorial-board	2022-01-18	NA
Devin Absher	Editorial Board	HudsonAlpha Institute of Biotechnology Huntsville, AL, USA	PLOS Genetics	1553-7390	PLOS	https://journals.plos.org/plosgenetics/s/editorial-board	2022-01-18	NA
Julie Ahringer	Editorial Board	University of Cambridge Cambridge, UK	PLOS Genetics	1553-7390	PLOS	https://journals.plos.org/plosgenetics/s/editorial-board	2022-01-18	NA
Joshua M. Akey	Editorial Board	Princeton University Princeton, NJ, USA	PLOS Genetics	1553-7390	PLOS	https://journals.plos.org/plosgenetics/s/editorial-board	2022-01-18	NA
Kaveh Ashrafi	Editorial Board	University of California San Francisco San Francisco, CA, USA	PLOS Genetics	1553-7390	PLOS	https://journals.plos.org/plosgenetics/s/editorial-board	2022-01-18	NA
Karen B. Avraham	Editorial Board	Tel Aviv University Tel Aviv, Israel	PLOS Genetics	1553-7390	PLOS	https://journals.plos.org/plosgenetics/s/editorial-board	2022-01-18	NA
Marisa S. Bartolomei	Editorial Board	University of Pennsylvania Philadelphia, PA, USA	PLOS Genetics	1553-7390	PLOS	https://journals.plos.org/plosgenetics/s/editorial-board	2022-01-18	NA
Adam Bass	Editorial Board	Dana-Farber Cancer Institute Boston, MA, USA	PLOS Genetics	1553-7390	PLOS	https://journals.plos.org/plosgenetics/s/editorial-board	2022-01-18	NA
David R. Beier	Editorial Board	Seattle Children's Research Institute Seattle, WA, USA	PLOS Genetics	1553-7390	PLOS	https://journals.plos.org/plosgenetics/s/editorial-board	2022-01-18	NA
Marnie Blewitt	Editorial Board	The Walter and Eliza Hall Institute of Medical Research Parkville, Australia	PLOS Genetics	1553-7390	PLOS	https://journals.plos.org/plosgenetics/s/editorial-board	2022-01-18	NA
Melanie Blokesch	Editorial Board	Swiss Federal Institute of Technology Lausanne (EPFL) Lausanne, Switzerland	PLOS Genetics	1553-7390	PLOS	https://journals.plos.org/plosgenetics/s/editorial-board	2022-01-18	NA
Giovanni Bosco	Editorial Board	Geisel School of Medicine at Dartmouth Hanover, NH, USA	PLOS Genetics	1553-7390	PLOS	https://journals.plos.org/plosgenetics/s/editorial-board	2022-01-18	NA
Jürgen Brosius	Editorial Board	University of Münster Münster, Germany	PLOS Genetics	1553-7390	PLOS	https://journals.plos.org/plosgenetics/s/editorial-board	2022-01-18	NA
Carmen Buchrieser	Editorial Board	Institut Pasteur, CNRS UMR 3525 Paris, France	PLOS Genetics	1553-7390	PLOS	https://journals.plos.org/plosgenetics/s/editorial-board	2022-01-18	NA
Alex Buerkle	Editorial Board	8 University of Wyoming Laramie, WY, USA	PLOS Genetics	1553-7390	PLOS	https://journals.plos.org/plosgenetics/s/editorial-board	2022-01-18	NA
Geraldine Butler	Editorial Board	University College Dublin Dublin, Ireland	PLOS Genetics	1553-7390	PLOS	https://journals.plos.org/plosgenetics/s/editorial-board	2022-01-18	NA
Ken M. Cadigan	Editorial Board	University of Michigan Ann Arbor, MI, USA	PLOS Genetics	1553-7390	PLOS	https://journals.plos.org/plosgenetics/s/editorial-board	2022-01-18	NA
Jackson Champer	Editorial Board	Peking University Beijing, China	PLOS Genetics	1553-7390	PLOS	https://journals.plos.org/plosgenetics/s/editorial-board	2022-01-18	NA
Andrew D. Chisholm	Editorial Board	University of California San Diego La Jolla, CA, USA	PLOS Genetics	1553-7390	PLOS	https://journals.plos.org/plosgenetics/s/editorial-board	2022-01-18	NA
Bruce E. Clurman	Editorial Board	Fred Hutchinson Cancer Research Center Seattle, WA, USA	PLOS Genetics	1553-7390	PLOS	https://journals.plos.org/plosgenetics/s/editorial-board	2022-01-18	NA
Gitta Coaker	Editorial Board	University of California, Davis Davis, CA, USA	PLOS Genetics	1553-7390	PLOS	https://journals.plos.org/plosgenetics/s/editorial-board	2022-01-18	NA
Paula Cohen	Editorial Board	Cornell University Ithaca, NY, USA	PLOS Genetics	1553-7390	PLOS	https://journals.plos.org/plosgenetics/s/editorial-board	2022-01-18	NA
Mónica P. Colaiácovo	Editorial Board	Harvard Medical School Boston, MA, USA	PLOS Genetics	1553-7390	PLOS	https://journals.plos.org/plosgenetics/s/editorial-board	2022-01-18	NA
Maralice Conacci-Sorrell	Editorial Board	Department of Cell Biology UT Southwestern Medical Center Dallas, TX, USA	PLOS Genetics	1553-7390	PLOS	https://journals.plos.org/plosgenetics/s/editorial-board	2022-01-18	NA
Frank Conlon	Editorial Board	The University of North Carolina at Chapel Hill Chapel Hill, NC, USA	PLOS Genetics	1553-7390	PLOS	https://journals.plos.org/plosgenetics/s/editorial-board	2022-01-18	NA
Gregory M. Cooper	Editorial Board	HudsonAlpha Institute for Biotechnology Huntsville, AL, USA	PLOS Genetics	1553-7390	PLOS	https://journals.plos.org/plosgenetics/s/editorial-board	2022-01-18	NA
Heather J. Cordell	Editorial Board	Newcastle University Newcastle upon Tyne, UK	PLOS Genetics	1553-7390	PLOS	https://journals.plos.org/plosgenetics/s/editorial-board	2022-01-18	NA
Chris Cotsapas	Editorial Board	Yale School of Medicine New Haven, CT, USA	PLOS Genetics	1553-7390	PLOS	https://journals.plos.org/plosgenetics/s/editorial-board	2022-01-18	NA
Gregory A. Cox	Editorial Board	The Jackson Laboratory Bar Harbor, ME, USA	PLOS Genetics	1553-7390	PLOS	https://journals.plos.org/plosgenetics/s/editorial-board	2022-01-18	NA
Sean Crosson	Editorial Board	Michigan State University East Lansing, MI, USA	PLOS Genetics	1553-7390	PLOS	https://journals.plos.org/plosgenetics/s/editorial-board	2022-01-18	NA
Juliette de Meaux	Editorial Board	University of Cologne Cologne, Germany	PLOS Genetics	1553-7390	PLOS	https://journals.plos.org/plosgenetics/s/editorial-board	2022-01-18	NA
Xavier Didelot	Editorial Board	University of Warwick Coventry, UK	PLOS Genetics	1553-7390	PLOS	https://journals.plos.org/plosgenetics/s/editorial-board	2022-01-18	NA
Anna Di Rienzo	Editorial Board	University of Chicago Chicago, IL, USA	PLOS Genetics	1553-7390	PLOS	https://journals.plos.org/plosgenetics/s/editorial-board	2022-01-18	NA
Aimee M. Dudley	Editorial Board	Pacific Northwest Research Institute Seattle, WA, USA	PLOS Genetics	1553-7390	PLOS	https://journals.plos.org/plosgenetics/s/editorial-board	2022-01-18	NA
Susan K. Dutcher	Editorial Board	Washington University School of Medicine St. Louis, MO, USA	PLOS Genetics	1553-7390	PLOS	https://journals.plos.org/plosgenetics/s/editorial-board	2022-01-18	NA
Kelly A. Dyer	Editorial Board	University of Georgia Athens, GA, USA	PLOS Genetics	1553-7390	PLOS	https://journals.plos.org/plosgenetics/s/editorial-board	2022-01-18	NA
Michael P. Epstein	Editorial Board	Emory University Atlanta, GA, USA	PLOS Genetics	1553-7390	PLOS	https://journals.plos.org/plosgenetics/s/editorial-board	2022-01-18	NA
John Ewer	Editorial Board	Universidad de Valparaiso Valparaiso, Chile	PLOS Genetics	1553-7390	PLOS	https://journals.plos.org/plosgenetics/s/editorial-board	2022-01-18	NA
Justin C. Fay	Editorial Board	University of Rochester Rochester, NY, USA	PLOS Genetics	1553-7390	PLOS	https://journals.plos.org/plosgenetics/s/editorial-board	2022-01-18	NA
Cédric Feschotte	Editorial Board	Cornell University Ithaca, NY, USA	PLOS Genetics	1553-7390	PLOS	https://journals.plos.org/plosgenetics/s/editorial-board	2022-01-18	NA
Aleksandra Filipovska	Editorial Board	The University of Western Australia Nedlands, Australia	PLOS Genetics	1553-7390	PLOS	https://journals.plos.org/plosgenetics/s/editorial-board	2022-01-18	NA
Anthony B. Firulli	Editorial Board	Indiana University School of Medicine Indianapolis, IN, USA	PLOS Genetics	1553-7390	PLOS	https://journals.plos.org/plosgenetics/s/editorial-board	2022-01-18	NA
Wayne N. Frankel, Founding Editor	Editorial Board	Columbia University Medical Center New York, NY, USA	PLOS Genetics	1553-7390	PLOS	https://journals.plos.org/plosgenetics/s/editorial-board	2022-01-18	NA
Matthew L. Freedman	Editorial Board	Dana Farber Cancer Institute and The Broad Institute Boston, MA, USA	PLOS Genetics	1553-7390	PLOS	https://journals.plos.org/plosgenetics/s/editorial-board	2022-01-18	NA
Michael Freitag	Editorial Board	Oregon State University Corvallis, OR, USA	PLOS Genetics	1553-7390	PLOS	https://journals.plos.org/plosgenetics/s/editorial-board	2022-01-18	NA
Jingyuan Fu	Editorial Board	University of Groningen Groningen, The Netherlands	PLOS Genetics	1553-7390	PLOS	https://journals.plos.org/plosgenetics/s/editorial-board	2022-01-18	NA
Danielle A. Garsin	Editorial Board	The University of Texas Health Science Center at Houston Houston, TX, USA	PLOS Genetics	1553-7390	PLOS	https://journals.plos.org/plosgenetics/s/editorial-board	2022-01-18	NA
Ronald B. Gartenhaus	Editorial Board	University of Maryland Marlene and Stewart Greenebaum Cancer Center Baltimore, MD, USA	PLOS Genetics	1553-7390	PLOS	https://journals.plos.org/plosgenetics/s/editorial-board	2022-01-18	NA
Santhosh Girirajan	Editorial Board	Pennsylvania State University University Park, PA, USA	PLOS Genetics	1553-7390	PLOS	https://journals.plos.org/plosgenetics/s/editorial-board	2022-01-18	NA
Takashi Gojobori	Editorial Board	National Institute of Genetics Mishima, Japan	PLOS Genetics	1553-7390	PLOS	https://journals.plos.org/plosgenetics/s/editorial-board	2022-01-18	NA
Dmitry Gordenin	Editorial Board	National Institute of Environmental Health Sciences Durham, NC, USA	PLOS Genetics	1553-7390	PLOS	https://journals.plos.org/plosgenetics/s/editorial-board	2022-01-18	NA
Henry T. Greely	Editorial Board	Stanford Law School Stanford, CA, USA	PLOS Genetics	1553-7390	PLOS	https://journals.plos.org/plosgenetics/s/editorial-board	2022-01-18	NA
Mathilde Grelon	Editorial Board	Institut Jean-Pierre Bourgin, INRA de Versailles Versailles, France	PLOS Genetics	1553-7390	PLOS	https://journals.plos.org/plosgenetics/s/editorial-board	2022-01-18	NA
Martien A. M. Groenen	Editorial Board	Wageningen University Wageningen, The Netherlands	PLOS Genetics	1553-7390	PLOS	https://journals.plos.org/plosgenetics/s/editorial-board	2022-01-18	NA
Neil Hanchard	Editorial Board	National Human Genome Research Institute National Institutes of Health Bethesda, MD, USA	PLOS Genetics	1553-7390	PLOS	https://journals.plos.org/plosgenetics/s/editorial-board	2022-01-18	NA
Sarah Hake	Editorial Board	University of California Berkeley Albany, CA, USA	PLOS Genetics	1553-7390	PLOS	https://journals.plos.org/plosgenetics/s/editorial-board	2022-01-18	NA
Bruce A. Hamilton	Editorial Board	University of California San Diego La Jolla, CA, USA	PLOS Genetics	1553-7390	PLOS	https://journals.plos.org/plosgenetics/s/editorial-board	2022-01-18	NA
Peter Hammerman	Editorial Board	Novartis Cambridge, MA, USA	PLOS Genetics	1553-7390	PLOS	https://journals.plos.org/plosgenetics/s/editorial-board	2022-01-18	NA
Anne C. Hart	Editorial Board	Brown University Providence, RI, USA	PLOS Genetics	1553-7390	PLOS	https://journals.plos.org/plosgenetics/s/editorial-board	2022-01-18	NA
Gaiti Hasan	Editorial Board	National Centre for Biological Sciences, TIFR Bengaluru, India	PLOS Genetics	1553-7390	PLOS	https://journals.plos.org/plosgenetics/s/editorial-board	2022-01-18	NA
R. Scott Hawley	Editorial Board	Stowers Institute for Medical Research Kansas City, MO, USA	PLOS Genetics	1553-7390	PLOS	https://journals.plos.org/plosgenetics/s/editorial-board	2022-01-18	NA
Lin He	Editorial Board	University of California, Berkeley Berkeley, CA, USA	PLOS Genetics	1553-7390	PLOS	https://journals.plos.org/plosgenetics/s/editorial-board	2022-01-18	NA
Joseph Heitman	Editorial Board	Duke University Medical Center Durham, NC, USA	PLOS Genetics	1553-7390	PLOS	https://journals.plos.org/plosgenetics/s/editorial-board	2022-01-18	NA
Ian Henderson	Editorial Board	Department of Plant Sciences University of Cambridge Cambridge, UK	PLOS Genetics	1553-7390	PLOS	https://journals.plos.org/plosgenetics/s/editorial-board	2022-01-18	NA
Ville I. Hietakangas	Editorial Board	University of Helsinki Helsinki, Finland	PLOS Genetics	1553-7390	PLOS	https://journals.plos.org/plosgenetics/s/editorial-board	2022-01-18	NA
Anita K. Hopper	Editorial Board	Ohio State University Columbus, OH, USA	PLOS Genetics	1553-7390	PLOS	https://journals.plos.org/plosgenetics/s/editorial-board	2022-01-18	NA
Diarmaid Hughes	Editorial Board	Uppsala University Uppsala, Sweden	PLOS Genetics	1553-7390	PLOS	https://journals.plos.org/plosgenetics/s/editorial-board	2022-01-18	NA
Kent W. Hunter	Editorial Board	National Cancer Institute Bethesda, MD, USA	PLOS Genetics	1553-7390	PLOS	https://journals.plos.org/plosgenetics/s/editorial-board	2022-01-18	NA
Jean-René Huynh	Editorial Board	Collège de France CNRS Paris, France	PLOS Genetics	1553-7390	PLOS	https://journals.plos.org/plosgenetics/s/editorial-board	2022-01-18	NA
Javier E. Irazoqui	Editorial Board	University of Massachusetts Medical School Worcester, MA, USA	PLOS Genetics	1553-7390	PLOS	https://journals.plos.org/plosgenetics/s/editorial-board	2022-01-18	NA
Sudha K. Iyengar	Editorial Board	Case Western University Cleveland, OH, USA	PLOS Genetics	1553-7390	PLOS	https://journals.plos.org/plosgenetics/s/editorial-board	2022-01-18	NA
Sue Jinks-Robertson	Editorial Board	Duke University Durham, NC, USA	PLOS Genetics	1553-7390	PLOS	https://journals.plos.org/plosgenetics/s/editorial-board	2022-01-18	NA
Daniel B. Kearns	Editorial Board	Indiana University Bloomington, IN, USA	PLOS Genetics	1553-7390	PLOS	https://journals.plos.org/plosgenetics/s/editorial-board	2022-01-18	NA
Marcel Kool	Editorial Board	Hopp-Children's Cancer Center KiTZ and German Cancer Research Center DKFZ Heidelberg, Germany	PLOS Genetics	1553-7390	PLOS	https://journals.plos.org/plosgenetics/s/editorial-board	2022-01-18	NA
Artyom Kopp	Editorial Board	University of California Davis Davis, CA, California	PLOS Genetics	1553-7390	PLOS	https://journals.plos.org/plosgenetics/s/editorial-board	2022-01-18	NA
Achim Kramer	Editorial Board	Charité - Universitätsmedizin Berlin Berlin, Germany	PLOS Genetics	1553-7390	PLOS	https://journals.plos.org/plosgenetics/s/editorial-board	2022-01-18	NA
Zoltán Kutalik	Editorial Board	University of Lausanne Lausanne, Switzerland	PLOS Genetics	1553-7390	PLOS	https://journals.plos.org/plosgenetics/s/editorial-board	2022-01-18	NA
Tuuli Lappalainen	Editorial Board	New York Genome Center &amp; Columbia University New York, NY, USA	PLOS Genetics	1553-7390	PLOS	https://journals.plos.org/plosgenetics/s/editorial-board	2022-01-18	NA
Nils-Göran Larsson	Editorial Board	Karolinska Institutet Stockholm, Sweden	PLOS Genetics	1553-7390	PLOS	https://journals.plos.org/plosgenetics/s/editorial-board	2022-01-18	NA
Tosso Leeb	Editorial Board	University of Bern Bern, Switzerland	PLOS Genetics	1553-7390	PLOS	https://journals.plos.org/plosgenetics/s/editorial-board	2022-01-18	NA
Mingyao Li	Editorial Board	University of Pennsylvania Perelman School or Medicine Philadelphia, PA, USA	PLOS Genetics	1553-7390	PLOS	https://journals.plos.org/plosgenetics/s/editorial-board	2022-01-18	NA
Michael Lichten	Editorial Board	National Cancer Institute Bethesda, MD, USA	PLOS Genetics	1553-7390	PLOS	https://journals.plos.org/plosgenetics/s/editorial-board	2022-01-18	NA
Jiandie Lin	Editorial Board	University of Michigan Life Sciences Michigan, MI, USA	PLOS Genetics	1553-7390	PLOS	https://journals.plos.org/plosgenetics/s/editorial-board	2022-01-18	NA
Xiaorong Lin	Editorial Board	University of Georgia Athens, GA, USA	PLOS Genetics	1553-7390	PLOS	https://journals.plos.org/plosgenetics/s/editorial-board	2022-01-18	NA
Fanxin Long	Editorial Board	The Children’s Hospital of Philadelphia Philadelphia, PA, USA	PLOS Genetics	1553-7390	PLOS	https://journals.plos.org/plosgenetics/s/editorial-board	2022-01-18	NA
Ruth J. F. Loos	Editorial Board	Icahn School of Medicine at Mount Sinai New York, NY, USA	PLOS Genetics	1553-7390	PLOS	https://journals.plos.org/plosgenetics/s/editorial-board	2022-01-18	NA
Bingwei Lu	Editorial Board	Stanford University School of Medicine Stanford, CA, USA	PLOS Genetics	1553-7390	PLOS	https://journals.plos.org/plosgenetics/s/editorial-board	2022-01-18	NA
 	Editorial Board	"Harmit S. Malik 
     Fred Hutchinson Cancer Research Center Seattle, WA, USA"	PLOS Genetics	1553-7390	PLOS	https://journals.plos.org/plosgenetics/s/editorial-board	2022-01-18	NA
Jonathan Marchini	Editorial Board	Regeneron New York, NY, USA	PLOS Genetics	1553-7390	PLOS	https://journals.plos.org/plosgenetics/s/editorial-board	2022-01-18	NA
Ivan Matic	Editorial Board	Université Paris Descartes, INSERM U1001 Paris, France	PLOS Genetics	1553-7390	PLOS	https://journals.plos.org/plosgenetics/s/editorial-board	2022-01-18	NA
Rodney Mauricio	Editorial Board	University of Georgia Athens, GA, USA	PLOS Genetics	1553-7390	PLOS	https://journals.plos.org/plosgenetics/s/editorial-board	2022-01-18	NA
Michael T. McManus	Editorial Board	University of California San Francisco San Francisco, CA, USA	PLOS Genetics	1553-7390	PLOS	https://journals.plos.org/plosgenetics/s/editorial-board	2022-01-18	NA
Eric A. Miska	Editorial Board	The Gurdon Institute, University of Cambridge Cambridge, UK	PLOS Genetics	1553-7390	PLOS	https://journals.plos.org/plosgenetics/s/editorial-board	2022-01-18	NA
Aaron P. Mitchell	Editorial Board	University of Georgia Athens, GA, USA	PLOS Genetics	1553-7390	PLOS	https://journals.plos.org/plosgenetics/s/editorial-board	2022-01-18	NA
Ortrun Mittelsten Scheid	Editorial Board	Gregor Mendel Institute of Molecular Plant Biology Vienna, Austria	PLOS Genetics	1553-7390	PLOS	https://journals.plos.org/plosgenetics/s/editorial-board	2022-01-18	NA
Cecilia Moens 	Editorial Board	Fred Hutchinson Cancer Research Center Seattle, WA, USA	PLOS Genetics	1553-7390	PLOS	https://journals.plos.org/plosgenetics/s/editorial-board	2022-01-18	NA
Denise J. Montell	Editorial Board	University of California Santa Barbara Santa Barbara, CA, USA	PLOS Genetics	1553-7390	PLOS	https://journals.plos.org/plosgenetics/s/editorial-board	2022-01-18	NA
Gloria K. Muday	Editorial Board	Wake Forest University Winston-Salem, NC, USA	PLOS Genetics	1553-7390	PLOS	https://journals.plos.org/plosgenetics/s/editorial-board	2022-01-18	NA
Mary C. Mullins	Editorial Board	University of Pennsylvania Philadelphia, PA, USA	PLOS Genetics	1553-7390	PLOS	https://journals.plos.org/plosgenetics/s/editorial-board	2022-01-18	NA
Stefan Mundlos	Editorial Board	Max Planck Institute for Molecular Genetics Berlin, Germany	PLOS Genetics	1553-7390	PLOS	https://journals.plos.org/plosgenetics/s/editorial-board	2022-01-18	NA
Coleen T. Murphy	Editorial Board	Princeton University Princeton, NJ, USA	PLOS Genetics	1553-7390	PLOS	https://journals.plos.org/plosgenetics/s/editorial-board	2022-01-18	NA
Amanda J. Myers	Editorial Board	University of Miami Miami, FL, USA	PLOS Genetics	1553-7390	PLOS	https://journals.plos.org/plosgenetics/s/editorial-board	2022-01-18	NA
Jeremy Nance	Editorial Board	NYU School of Medicine New York, NY, USA	PLOS Genetics	1553-7390	PLOS	https://journals.plos.org/plosgenetics/s/editorial-board	2022-01-18	NA
Anne O’Donnell-Luria	Editorial Board	Boston Children’s Hospital and The Broad Institute Boston, MA, USA	PLOS Genetics	1553-7390	PLOS	https://journals.plos.org/plosgenetics/s/editorial-board	2022-01-18	NA
Joseph Opferman	Editorial Board	St Jude Children's Research Hospital Memphis, TN, USA	PLOS Genetics	1553-7390	PLOS	https://journals.plos.org/plosgenetics/s/editorial-board	2022-01-18	NA
Harry T. Orr	Editorial Board	University of Minnesota Minneapolis, MN, USA	PLOS Genetics	1553-7390	PLOS	https://journals.plos.org/plosgenetics/s/editorial-board	2022-01-18	NA
Subba R. Palli	Editorial Board	  University of Kentucky Lexington, KY, USA	PLOS Genetics	1553-7390	PLOS	https://journals.plos.org/plosgenetics/s/editorial-board	2022-01-18	NA
Christopher E. Pearson	Editorial Board	The Hospital for Sick Children and University of Toronto Toronto, Canada	PLOS Genetics	1553-7390	PLOS	https://journals.plos.org/plosgenetics/s/editorial-board	2022-01-18	NA
Norbert Perrimon	Editorial Board	Harvard Medical School, Howard Hughes Medical Institute Boston, MA, USA	PLOS Genetics	1553-7390	PLOS	https://journals.plos.org/plosgenetics/s/editorial-board	2022-01-18	NA
Steven Petrou	Editorial Board	The Florey Institute of Neuroscience and Mental Health Melbourne, Australia	PLOS Genetics	1553-7390	PLOS	https://journals.plos.org/plosgenetics/s/editorial-board	2022-01-18	NA
Vincent Plagnol 	Editorial Board	Genomics plc Oxford, UK	PLOS Genetics	1553-7390	PLOS	https://journals.plos.org/plosgenetics/s/editorial-board	2022-01-18	NA
Sharon E. Plon	Editorial Board	Baylor College of Medicine Houston, TX, USA	PLOS Genetics	1553-7390	PLOS	https://journals.plos.org/plosgenetics/s/editorial-board	2022-01-18	NA
Tiancong Qi	Editorial Board	School of Life Sciences Tsinghua University Beijing, China	PLOS Genetics	1553-7390	PLOS	https://journals.plos.org/plosgenetics/s/editorial-board	2022-01-18	NA
Tim Reddy	Editorial Board	Duke University Durham, NC, USA	PLOS Genetics	1553-7390	PLOS	https://journals.plos.org/plosgenetics/s/editorial-board	2022-01-18	NA
Caroline Relton	Editorial Board	University of Bristol Bristol, UK	PLOS Genetics	1553-7390	PLOS	https://journals.plos.org/plosgenetics/s/editorial-board	2022-01-18	NA
Paul M. Richardson	Editorial Board	Progentech Emeryville, CA, USA	PLOS Genetics	1553-7390	PLOS	https://journals.plos.org/plosgenetics/s/editorial-board	2022-01-18	NA
Lynn M. Riddiford	Editorial Board	University of Washington Friday Harbor Laboratories Friday Harbor, WA, USA	PLOS Genetics	1553-7390	PLOS	https://journals.plos.org/plosgenetics/s/editorial-board	2022-01-18	NA
Samuli Ripatti	Editorial Board	University of Helsinki and Institute for Molecular Medicine Finland (FIMM) Helsinki, Finland	PLOS Genetics	1553-7390	PLOS	https://journals.plos.org/plosgenetics/s/editorial-board	2022-01-18	NA
Gordon Robertson	Editorial Board	BC Cancer Agency Vancouver, BC, Canada	PLOS Genetics	1553-7390	PLOS	https://journals.plos.org/plosgenetics/s/editorial-board	2022-01-18	NA
Pascale Romby	Editorial Board	Centre National de la Recherche Scientifique (CNRS) and the University of Strasbourg Strasbourg, France	PLOS Genetics	1553-7390	PLOS	https://journals.plos.org/plosgenetics/s/editorial-board	2022-01-18	NA
Derry C. Roopenian	Editorial Board	The Jackson Laboratory Bar Harbor, ME, USA	PLOS Genetics	1553-7390	PLOS	https://journals.plos.org/plosgenetics/s/editorial-board	2022-01-18	NA
Mikkel H. Schierup	Editorial Board	University of Aarhus Aarhus, Denmark	PLOS Genetics	1553-7390	PLOS	https://journals.plos.org/plosgenetics/s/editorial-board	2022-01-18	NA
Robert Schneider	Editorial Board	Institute of Functional Epigenetics Munich, Germany	PLOS Genetics	1553-7390	PLOS	https://journals.plos.org/plosgenetics/s/editorial-board	2022-01-18	NA
Liliane Schoofs	Editorial Board	KU Leuven Leuven, Belgium	PLOS Genetics	1553-7390	PLOS	https://journals.plos.org/plosgenetics/s/editorial-board	2022-01-18	NA
Dirk Schübeler	Editorial Board	Friedrich Miescher Institute for Biomedical Research Basel, Switzerland	PLOS Genetics	1553-7390	PLOS	https://journals.plos.org/plosgenetics/s/editorial-board	2022-01-18	NA
Hamish S. Scott	Editorial Board	Centre for Cancer Biology, SA Pathology Adelaide, Australia	PLOS Genetics	1553-7390	PLOS	https://journals.plos.org/plosgenetics/s/editorial-board	2022-01-18	NA
Licia Selleri	Editorial Board	University of California San Francisco San Francisco, CA, USA	PLOS Genetics	1553-7390	PLOS	https://journals.plos.org/plosgenetics/s/editorial-board	2022-01-18	NA
Tricia R. Serio	Editorial Board	The University of Massachusetts - Amherst Amherst, MA, USA	PLOS Genetics	1553-7390	PLOS	https://journals.plos.org/plosgenetics/s/editorial-board	2022-01-18	NA
Giorgio Sirugo	Editorial Board	University of Pennsylvania Philadelphia, PA, USA	PLOS Genetics	1553-7390	PLOS	https://journals.plos.org/plosgenetics/s/editorial-board	2022-01-18	NA
Tanja Slotte	Editorial Board	Stockholm University Stockholm, Sweden	PLOS Genetics	1553-7390	PLOS	https://journals.plos.org/plosgenetics/s/editorial-board	2022-01-18	NA
Michael Snyder	Editorial Board	Stanford University School of Medicine Stanford, CA, USA	PLOS Genetics	1553-7390	PLOS	https://journals.plos.org/plosgenetics/s/editorial-board	2022-01-18	NA
Yan Song	Editorial Board	  Peking University Beijing, China	PLOS Genetics	1553-7390	PLOS	https://journals.plos.org/plosgenetics/s/editorial-board	2022-01-18	NA
Nathan M. Springer	Editorial Board	University of Minnesota St. Paul, MN, USA	PLOS Genetics	1553-7390	PLOS	https://journals.plos.org/plosgenetics/s/editorial-board	2022-01-18	NA
Barbara Stranger	Editorial Board	University of Chicago Chicago, IL, USA	PLOS Genetics	1553-7390	PLOS	https://journals.plos.org/plosgenetics/s/editorial-board	2022-01-18	NA
Lisa Stubbs	Editorial Board	University of Illinois at Urbana-Champaign Urbana, IL, USA	PLOS Genetics	1553-7390	PLOS	https://journals.plos.org/plosgenetics/s/editorial-board	2022-01-18	NA
Eva H. Stukenbrock	Editorial Board	Christian-Albrechts University of Kiel and Max Planck Institute for Evolutionary Biology Kiel, Germany	PLOS Genetics	1553-7390	PLOS	https://journals.plos.org/plosgenetics/s/editorial-board	2022-01-18	NA
Yousin Suh	Editorial Board	Columbia University New York, NY, USA	PLOS Genetics	1553-7390	PLOS	https://journals.plos.org/plosgenetics/s/editorial-board	2022-01-18	NA
Beth A. Sullivan	Editorial Board	Duke University Durham, NC, USA	PLOS Genetics	1553-7390	PLOS	https://journals.plos.org/plosgenetics/s/editorial-board	2022-01-18	NA
Christopher Sullivan	Editorial Board	University of Texas at Austin Austin, TX, USA	PLOS Genetics	1553-7390	PLOS	https://journals.plos.org/plosgenetics/s/editorial-board	2022-01-18	NA
Lorraine S. Symington	Editorial Board	Columbia University New York, NY, USA	PLOS Genetics	1553-7390	PLOS	https://journals.plos.org/plosgenetics/s/editorial-board	2022-01-18	NA
Man-Wah Tan	Editorial Board	Genentech South San Francisco, CA, USA	PLOS Genetics	1553-7390	PLOS	https://journals.plos.org/plosgenetics/s/editorial-board	2022-01-18	NA
Zhixi Tian	Editorial Board	Chinese Academy of Sciences Beijing, China	PLOS Genetics	1553-7390	PLOS	https://journals.plos.org/plosgenetics/s/editorial-board	2022-01-18	NA
Sarah A. Tishkoff	Editorial Board	University of Pennsylvania Philadelphia, PA, USA	PLOS Genetics	1553-7390	PLOS	https://journals.plos.org/plosgenetics/s/editorial-board	2022-01-18	NA
David P. Toczyski	Editorial Board	University of California San Francisco San Francisco, CA, USA	PLOS Genetics	1553-7390	PLOS	https://journals.plos.org/plosgenetics/s/editorial-board	2022-01-18	NA
Aleksandra Trifunovic	Editorial Board	University of Cologne Cologne, Germany	PLOS Genetics	1553-7390	PLOS	https://journals.plos.org/plosgenetics/s/editorial-board	2022-01-18	NA
Bas van Steensel	Editorial Board	Netherlands Cancer Institute Amsterdam, The Netherlands	PLOS Genetics	1553-7390	PLOS	https://journals.plos.org/plosgenetics/s/editorial-board	2022-01-18	NA
Lindi M. Wahl 	Editorial Board	Western University London, ON, Canada	PLOS Genetics	1553-7390	PLOS	https://journals.plos.org/plosgenetics/s/editorial-board	2022-01-18	NA
Hongyan Wang 	Editorial Board	  Duke-NUS Medical School Singapore, Singapore	PLOS Genetics	1553-7390	PLOS	https://journals.plos.org/plosgenetics/s/editorial-board	2022-01-18	NA
 Jue D. Wang	Editorial Board	University of Wisconsin-Madison Madison, WI, USA	PLOS Genetics	1553-7390	PLOS	https://journals.plos.org/plosgenetics/s/editorial-board	2022-01-18	NA
Pablo Wappner	Editorial Board	Instituto Leloir and School of Exact and Natural Sciences University of Buenoes Aires Buenos Aires, Argentina	PLOS Genetics	1553-7390	PLOS	https://journals.plos.org/plosgenetics/s/editorial-board	2022-01-18	NA
Melissa Wasserstein	Editorial Board	Children’s Hospital at Montefiore Albert Einstein College of Medicine Bronx, NY, USA	PLOS Genetics	1553-7390	PLOS	https://journals.plos.org/plosgenetics/s/editorial-board	2022-01-18	NA
Christine A. Wells	Editorial Board	The University of Melbourne Melbourne, Australia	PLOS Genetics	1553-7390	PLOS	https://journals.plos.org/plosgenetics/s/editorial-board	2022-01-18	NA
Andrew O. M. Wilkie	Editorial Board	University of Oxford Oxford, United Kingdom	PLOS Genetics	1553-7390	PLOS	https://journals.plos.org/plosgenetics/s/editorial-board	2022-01-18	NA
Michael Worobey	Editorial Board	University of Arizona Tucson, AZ, USA	PLOS Genetics	1553-7390	PLOS	https://journals.plos.org/plosgenetics/s/editorial-board	2022-01-18	NA
Xia Yang	Editorial Board	University of California, Los Angeles Los Angeles, CA, USA	PLOS Genetics	1553-7390	PLOS	https://journals.plos.org/plosgenetics/s/editorial-board	2022-01-18	NA
Fengwei Yu	Editorial Board	Temasek Life Sciences Laboratory Singapore, Singapore	PLOS Genetics	1553-7390	PLOS	https://journals.plos.org/plosgenetics/s/editorial-board	2022-01-18	NA
Hao Yu	Editorial Board	National University of Singapore and Temasek Life Sciences Laboratory Singapore, Singapore	PLOS Genetics	1553-7390	PLOS	https://journals.plos.org/plosgenetics/s/editorial-board	2022-01-18	NA
Mihaela Zavolan	Editorial Board	University of Basel Basel, Switzerland	PLOS Genetics	1553-7390	PLOS	https://journals.plos.org/plosgenetics/s/editorial-board	2022-01-18	NA
Eleftheria Zeggini	Editorial Board	Helmholtz Zentrum München Neuherberg, Germany	PLOS Genetics	1553-7390	PLOS	https://journals.plos.org/plosgenetics/s/editorial-board	2022-01-18	NA
Jianzhi Zhang	Editorial Board	University of Michigan Ann Arbor, MI, USA	PLOS Genetics	1553-7390	PLOS	https://journals.plos.org/plosgenetics/s/editorial-board	2022-01-18	NA
Jin-Qiu Zhou	Editorial Board	Chinese Academy of Sciences Shanghai, China	PLOS Genetics	1553-7390	PLOS	https://journals.plos.org/plosgenetics/s/editorial-board	2022-01-18	NA
Xiaofeng Zhu	Editorial Board	Case Western Reserve University Cleveland, OH, USA	PLOS Genetics	1553-7390	PLOS	https://journals.plos.org/plosgenetics/s/editorial-board	2022-01-18	NA
Christopher D. Brown	Editorial Board	University of Pennsylvania Philadelphia, PA, USA	PLOS Genetics	1553-7390	PLOS	https://journals.plos.org/plosgenetics/s/editorial-board	2022-01-18	NA
Nadia D. Singh	Editorial Board	University of Oregon Eugene, OR, USA	PLOS Genetics	1553-7390	PLOS	https://journals.plos.org/plosgenetics/s/editorial-board	2022-01-18	NA
Jessica Tollkuhn	Editorial Board	Cold Spring Harbor Laboratory Cold Spring Harbor, NY, USA	PLOS Genetics	1553-7390	PLOS	https://journals.plos.org/plosgenetics/s/editorial-board	2022-01-18	NA
William F. Burkholder	Editorial Board	Chan Zuckerberg Biohub San Francisco, CA, USA	PLOS Genetics	1553-7390	PLOS	https://journals.plos.org/plosgenetics/s/editorial-board	2022-01-18	NA
Xuemei Chen	Editorial Board	University of California Riverside Riverside, CA, USA	PLOS Genetics	1553-7390	PLOS	https://journals.plos.org/plosgenetics/s/editorial-board	2022-01-18	NA
Vivian G. Cheung	Editorial Board	University of Michigan Ann Arbor, MI, USA	PLOS Genetics	1553-7390	PLOS	https://journals.plos.org/plosgenetics/s/editorial-board	2022-01-18	NA
Andrew G. Clark	Editorial Board	Cornell University Ithaca, NY, USA	PLOS Genetics	1553-7390	PLOS	https://journals.plos.org/plosgenetics/s/editorial-board	2022-01-18	NA
Claude Desplan	Editorial Board	New York University New York, NY, USA	PLOS Genetics	1553-7390	PLOS	https://journals.plos.org/plosgenetics/s/editorial-board	2022-01-18	NA
Greg Gibson	Editorial Board	Georgia Institute of Technology Atlanta, GA, USA	PLOS Genetics	1553-7390	PLOS	https://journals.plos.org/plosgenetics/s/editorial-board	2022-01-18	NA
James E. Haber	Editorial Board	Brandeis University Waltham, MA, USA	PLOS Genetics	1553-7390	PLOS	https://journals.plos.org/plosgenetics/s/editorial-board	2022-01-18	NA
Hopi Hoekstra	Editorial Board	Harvard University Cambridge, MA, USA	PLOS Genetics	1553-7390	PLOS	https://journals.plos.org/plosgenetics/s/editorial-board	2022-01-18	NA
Marshall S. Horwitz	Editorial Board	University of Washington Seattle, WA, USA	PLOS Genetics	1553-7390	PLOS	https://journals.plos.org/plosgenetics/s/editorial-board	2022-01-18	NA
Nicole King	Editorial Board	University of California Berkeley Berkeley, CA, USA	PLOS Genetics	1553-7390	PLOS	https://journals.plos.org/plosgenetics/s/editorial-board	2022-01-18	NA
Jeannie T. Lee	Editorial Board	Massachusetts General Hospital, Howard Hughes Medical Institute Boston, MA, USA	PLOS Genetics	1553-7390	PLOS	https://journals.plos.org/plosgenetics/s/editorial-board	2022-01-18	NA
Trudy F. C. Mackay	Editorial Board	Clemson University Clemson, SC, USA	PLOS Genetics	1553-7390	PLOS	https://journals.plos.org/plosgenetics/s/editorial-board	2022-01-18	NA
Dmitri A. Petrov	Editorial Board	Stanford University Stanford, CA, USA	PLOS Genetics	1553-7390	PLOS	https://journals.plos.org/plosgenetics/s/editorial-board	2022-01-18	NA
Wolf Reik	Editorial Board	The Babraham Institute Cambridge, UK	PLOS Genetics	1553-7390	PLOS	https://journals.plos.org/plosgenetics/s/editorial-board	2022-01-18	NA
Susan M. Rosenberg	Editorial Board	Baylor College of Medicine Houston, TX, USA	PLOS Genetics	1553-7390	PLOS	https://journals.plos.org/plosgenetics/s/editorial-board	2022-01-18	NA
Patrick S. Schnable	Editorial Board	Iowa State University Ames, IA, USA	PLOS Genetics	1553-7390	PLOS	https://journals.plos.org/plosgenetics/s/editorial-board	2022-01-18	NA
Peter M. Visscher	Editorial Board	Queensland Institute of Medical Research Brisbane, Australia	PLOS Genetics	1553-7390	PLOS	https://journals.plos.org/plosgenetics/s/editorial-board	2022-01-18	NA
