editor	role	affiliation	journal	issn	publisher	url	date	orcid
Anders Hedenström	Editorial Board	Lund University, Sweden Biomechanics, flight, aerodynamics, movement, migration, ecology and evolution of animal flight, high-speed wing motion analysis, airflow visualization, force measurement	PLOS Biology	1544-9173	PLOS	https://journals.plos.org/plosbiology/s/editorial-board	2022-01-18	NA
Graham Taylor	Editorial Board	University of Oxford, UK Biomechanics, flight dynamics, swimming, control systems, sensory systems, sensory ecology (also: avian palaeontology, animal navigation, migration)	PLOS Biology	1544-9173	PLOS	https://journals.plos.org/plosbiology/s/editorial-board	2022-01-18	NA
Connie Eaves	Editorial Board	Terry Fox Laboratory, Canada Hematopoiesis, leukemic stem cells, chronic myeloid leukemia, breast cancer, mammary stem cells, transplantation, single cell studies	PLOS Biology	1544-9173	PLOS	https://journals.plos.org/plosbiology/s/editorial-board	2022-01-18	NA
Albana Gattelli 	Editorial Board	Ciudad Universitaria, Facultad de Ciencias Exactas y Naturales (FCEN), Argentina<U+200B> Breast and other solid cancers, cancer signalling and cancer immunology, mammary gland development (also: cell proliferation, migration and motility)	PLOS Biology	1544-9173	PLOS	https://journals.plos.org/plosbiology/s/editorial-board	2022-01-18	NA
Monika Hegi	Editorial Board	University of Lausanne, Switzerland Glioblastoma, brain tumours, epigenetics	PLOS Biology	1544-9173	PLOS	https://journals.plos.org/plosbiology/s/editorial-board	2022-01-18	NA
Pascal Meier	Editorial Board	Institute of Cancer Research, London, UK Cell death and inflammation, cancer, ubiquitin-mediated regulation of cell survival, cancer therapeutics	PLOS Biology	1544-9173	PLOS	https://journals.plos.org/plosbiology/s/editorial-board	2022-01-18	NA
Mario Suva	Editorial Board	Harvard University, USA Glioblastoma, genomics, single cell analysis	PLOS Biology	1544-9173	PLOS	https://journals.plos.org/plosbiology/s/editorial-board	2022-01-18	NA
Matt van de Rijn	Editorial Board	Stanford University School of Medicine, USA Prognostic markers in sarcoma and cancer, cancer genomics	PLOS Biology	1544-9173	PLOS	https://journals.plos.org/plosbiology/s/editorial-board	2022-01-18	NA
Hilary Coller	Editorial Board	University of California, Los Angeles, USA Molecular basis of quiescent cells; cancer-associated fibroblasts, genomic approaches to cell cycle and cancer	PLOS Biology	1544-9173	PLOS	https://journals.plos.org/plosbiology/s/editorial-board	2022-01-18	NA
Bruce Edgar	Editorial Board	University of Utah, USA Drosophila cell growth, cell cycle, intestinal stem cell regulation, TOR signaling	PLOS Biology	1544-9173	PLOS	https://journals.plos.org/plosbiology/s/editorial-board	2022-01-18	NA
Marcos Malumbres	Editorial Board	<U+200B>CNIO, Spain Cell cycle, cell division/proliferation and cell differentiation, cell growth, mitosis, cancer metabolism, microcephaly (also: microRNAs, pluripotent stem cells)	PLOS Biology	1544-9173	PLOS	https://journals.plos.org/plosbiology/s/editorial-board	2022-01-18	NA
David Pellman 	Editorial Board	Advisory Board MemberDana-Farber Cancer Institute, USA Cell division, genome stability, chromosome segregation, cytoskeletal dynamics	PLOS Biology	1544-9173	PLOS	https://journals.plos.org/plosbiology/s/editorial-board	2022-01-18	NA
Jon Pines	Editorial Board	Institute of Cancer Research, London, UK Cancer, mitosis, chromosome segregation, cyclins	PLOS Biology	1544-9173	PLOS	https://journals.plos.org/plosbiology/s/editorial-board	2022-01-18	NA
Sarah Zanders 	Editorial Board	Stowers Institute for Medical Research, USA Molecular genetics and evolution; meiosis, meiotic drive, meiotic recombination, and genome evolution (also: fungal genomes and fungal evolution)	PLOS Biology	1544-9173	PLOS	https://journals.plos.org/plosbiology/s/editorial-board	2022-01-18	NA
Mathieu Bertrand	Editorial Board	VIB Center for Inflammation Research, University of Ghent, Belgium Signal transduction, cell death, inflammation, innate immune receptors, tumor necrosis factor receptors (TNFRs)	PLOS Biology	1544-9173	PLOS	https://journals.plos.org/plosbiology/s/editorial-board	2022-01-18	NA
Ana Garcia-Sáez 	Editorial Board	CECAD Research Center<U+200B>, University of Cologne, Germany Membrane biology and organization, regulated cell death, Bcl-2 proteins, membrane dynamics and biophysics, single molecule techniques, fluorescence correlation spectroscopy, super resolution microscopy, FRAP, FRET, live cell imaging, model membrane systems	PLOS Biology	1544-9173	PLOS	https://journals.plos.org/plosbiology/s/editorial-board	2022-01-18	NA
Hans-Uwe Simon  	Editorial Board	University of Bern, Switzerland<U+200B> Role of apoptosis and autophagy in inflammatory diseases and cancer; innate immunity, inflammation, allergy, eosinophils, neutrophils, neutrophil extracellular traps, autophagy, immunopharmacology	PLOS Biology	1544-9173	PLOS	https://journals.plos.org/plosbiology/s/editorial-board	2022-01-18	NA
Anna Huttenlocher 	Editorial Board	University of Wisconsin-Madison, USA Cell migration, chemotaxis, innate immunity and inflammation, zebrafish immunity, wound healing and cancer biology, leukocyte migration, regeneration	PLOS Biology	1544-9173	PLOS	https://journals.plos.org/plosbiology/s/editorial-board	2022-01-18	NA
Laura Machesky	Editorial Board	The Beatson Institute for Cancer Research, UK Cell migration, invasion, metastasis, actin cytoskeleton	PLOS Biology	1544-9173	PLOS	https://journals.plos.org/plosbiology/s/editorial-board	2022-01-18	NA
Carole Parent 	Editorial Board	The University of Michigan, USA Cell migration, amoeboid migration in Dictyostelium and neutrophils, signal transduction, GPCR signaling, cytoskeleton dynamics, live cell imaging (also: metastatic migration and invasion)	PLOS Biology	1544-9173	PLOS	https://journals.plos.org/plosbiology/s/editorial-board	2022-01-18	NA
Renata Basto	Editorial Board	Institut Curie, France Centriole and cilia biogenesis, microtubule organising center, stem cells, cancer	PLOS Biology	1544-9173	PLOS	https://journals.plos.org/plosbiology/s/editorial-board	2022-01-18	NA
Dagmar Wachten	Editorial Board	University of Bonn, Germany Cilia biology, including sperm and primary cilia; ciliary signaling and ciliary function in health and disease; cell biology including cylic nucleotide signaling; optogenetics and high-resolution microscopy	PLOS Biology	1544-9173	PLOS	https://journals.plos.org/plosbiology/s/editorial-board	2022-01-18	NA
Marianne Bronner	Editorial Board	California Institute of Technology, USA Developmental neurobiology, neural crest, epigenetics of development, evo-devo, early patterning and morphogenesis (also: stem cell biology, cell biology, neuroscience)	PLOS Biology	1544-9173	PLOS	https://journals.plos.org/plosbiology/s/editorial-board	2022-01-18	NA
Kim Cooper	Editorial Board	University of California, San Diego, USA Limb development, musculoskeletal development, skeletal growth, bone reshaping; evolution and development; non-traditional model system - the Lesser Egyptian Jerboa, Jaculus jaculus	PLOS Biology	1544-9173	PLOS	https://journals.plos.org/plosbiology/s/editorial-board	2022-01-18	NA
Cecilia Lo	Editorial Board	University of Pittsburgh, USA Cardiovascular development, congenital heart disease, cilia biology, ciliopathies, left-right patterning, mouse models, developmental genetics (also: neurodevelopment, live cell and embryo imaging, general embryology, gap junction biology)	PLOS Biology	1544-9173	PLOS	https://journals.plos.org/plosbiology/s/editorial-board	2022-01-18	NA
Mary Mullins	Editorial Board	University of Pennsylvania, USA BMP, development, vertebrate body plan	PLOS Biology	1544-9173	PLOS	https://journals.plos.org/plosbiology/s/editorial-board	2022-01-18	NA
Emma Rawlins	Editorial Board	Gurdon Institute, University of Cambridge, UK Developmental biology (lung development and similar organs), organogenesis in vertebrates, adult stem cell biology (also: cell fate decisions in model organisms e.g. Drosophila, stem cell-related cancer biology, cell biology)	PLOS Biology	1544-9173	PLOS	https://journals.plos.org/plosbiology/s/editorial-board	2022-01-18	NA
Yi-Hsien Su	Editorial Board	Academia Sinica, Taiwan Evolution of the gene regulatory circuitries patterning body axes and specifying cell fates, early embryogenesis, BMP signaling, developmental mechanisms of deuterostomes (echinoderm sea urchin, hemichordate acorn worm)	PLOS Biology	1544-9173	PLOS	https://journals.plos.org/plosbiology/s/editorial-board	2022-01-18	NA
Nic Tapon	Editorial Board	The Francis Crick Institute, UK Tissue growth control, morphogenesis in model organisms, Hippo pathway, organ size and shape control (also: cell polarity, cell cycle, programmed cell death, mechanotransduction, cellular signalling in development, coupling between growth and nutrition, actin cytoskeleton)	PLOS Biology	1544-9173	PLOS	https://journals.plos.org/plosbiology/s/editorial-board	2022-01-18	NA
Amy Weinmann  	Editorial Board	University of Alabama at Birmingham, USA Cell fate decisions during development, lineage-specifying transcription factors, metabolism, T cell differentiation	PLOS Biology	1544-9173	PLOS	https://journals.plos.org/plosbiology/s/editorial-board	2022-01-18	NA
Simon Hughes 	Editorial Board	King's College, London, UK Muscle fibres, muscle patterning, somite assembly, tracking cell processes in vivo	PLOS Biology	1544-9173	PLOS	https://journals.plos.org/plosbiology/s/editorial-board	2022-01-18	NA
Konrad Basler  	Editorial Board	University of Zurich, Switzerland Signaling pathways in development, Wnt, Hh, TGFbeta, TNF	PLOS Biology	1544-9173	PLOS	https://journals.plos.org/plosbiology/s/editorial-board	2022-01-18	NA
Caroline Hill 	Editorial Board	Advisory Board MemberThe Francis Crick Institute, UK Growth factors, TGF-beta, cancer, development	PLOS Biology	1544-9173	PLOS	https://journals.plos.org/plosbiology/s/editorial-board	2022-01-18	NA
François Schweisguth	Editorial Board	Institut Pasteur, France Notch signaling, asymmetric cell division, epithelial polarity and morphogenesis, cell fate decisions, developmental patterning, Drosophila cell and developmental processes	PLOS Biology	1544-9173	PLOS	https://journals.plos.org/plosbiology/s/editorial-board	2022-01-18	NA
Ursula Jakob  	Editorial Board	University of Michigan, USA Bacterial response to oxidative stress; redox regulation and the role of oxidative stress in host defense and aging	PLOS Biology	1544-9173	PLOS	https://journals.plos.org/plosbiology/s/editorial-board	2022-01-18	NA
Joshua Brickman 	Editorial Board	University of Copenhagen, Denmark Early embryonic development, stem cells, differentiation, transcription	PLOS Biology	1544-9173	PLOS	https://journals.plos.org/plosbiology/s/editorial-board	2022-01-18	NA
Christa Bücker  	Editorial Board	Max Perutz Labs, Vienna, Austria Stem cell biology (early embryonic development, pluripotent stem cell states, cell fate transitions, differentiation, transcription, enhancers) and gene expression regulation (enhancers, PolII transcription, chromatin dynamics, transcription factors)	PLOS Biology	1544-9173	PLOS	https://journals.plos.org/plosbiology/s/editorial-board	2022-01-18	NA
Catarina Homem	Editorial Board	CEDOC / NOVA Medical School, Lisbon, Portugal Neurogenesis, neurodevelopment, stem cells, neural stem cells, stem cell metabolism, Drosophila metabolism, Drosophila endocrinology and physiology, cancer metabolism, cell growth, cell fate decisions, asymmetric cell division	PLOS Biology	1544-9173	PLOS	https://journals.plos.org/plosbiology/s/editorial-board	2022-01-18	NA
Bon-Kyoung Koo	Editorial Board	Austrian Academy of Sciences, Vienna, Austria Mouse genetics - development, cancer genetics, organogenesis, tissue homeostasis, Notch and Wnt signaling pathways, ubiquitination; organoids, intestinal and gastric adult tissue stem cells, adult and pluripotent stem cells; development of genetic tools for lineage tracing and advanced genetic engineering, CRISPR/Cas9 technology (also: cancer modeling, single cell RNA sequencing)	PLOS Biology	1544-9173	PLOS	https://journals.plos.org/plosbiology/s/editorial-board	2022-01-18	NA
Madeline Lancaster	Editorial Board	University of Cambridge, UK Organoids, developmental neurobiology, neural stem cells, neural differentiation, brain evolution	PLOS Biology	1544-9173	PLOS	https://journals.plos.org/plosbiology/s/editorial-board	2022-01-18	NA
Sally Lowell	Editorial Board	University of Edinburgh, UK Stem cell biology, pluripotent cells, early mouse embryonic development (also: vertebrate developmental biology, biology of regeneration)	PLOS Biology	1544-9173	PLOS	https://journals.plos.org/plosbiology/s/editorial-board	2022-01-18	NA
Tom Rando 	Editorial Board	Stanford University, USA Muscle cell and stem cell biology, aging, Wnt and Notch signaling, muscular dystrophy, tissue regeneration, tissue engineering	PLOS Biology	1544-9173	PLOS	https://journals.plos.org/plosbiology/s/editorial-board	2022-01-18	NA
Kate Storey	Editorial Board	University of Dundee, UK Neural differentiation, embryonic stem cells, FGF, retinoic acid	PLOS Biology	1544-9173	PLOS	https://journals.plos.org/plosbiology/s/editorial-board	2022-01-18	NA
Yukiko Yamashita	Editorial Board	Massachusetts Institute of Technology, USA<U+200B> Adult stem cells, stem cell niche, spindle orientation, polarity, asymmetric stem cell division, germ cells	PLOS Biology	1544-9173	PLOS	https://journals.plos.org/plosbiology/s/editorial-board	2022-01-18	NA
Judith Campisi	Editorial Board	Buck Institute for Research on Aging, USA Cancer, aging, cell senescence, inflammation	PLOS Biology	1544-9173	PLOS	https://journals.plos.org/plosbiology/s/editorial-board	2022-01-18	NA
Jennifer Garrison	Editorial Board	Buck Institute, USA Neuromodulators, neuropeptide signaling, aging, imaging, genetics, C. elegans, mouse	PLOS Biology	1544-9173	PLOS	https://journals.plos.org/plosbiology/s/editorial-board	2022-01-18	NA
Thomas Kirkwood	Editorial Board	Newcastle University, UK Mechanisms of cellular aging, evolution and genetics of aging, caloric restriction, mathematical biology, biological standardization	PLOS Biology	1544-9173	PLOS	https://journals.plos.org/plosbiology/s/editorial-board	2022-01-18	NA
Heidi Tissenbaum	Editorial Board	University of Massachusetts Medical School, USA Aging, insulin, IGF1, lifespan, fat storage, forkhead transcription factor DAF-16	PLOS Biology	1544-9173	PLOS	https://journals.plos.org/plosbiology/s/editorial-board	2022-01-18	NA
Fernanda Ceriani	Editorial Board	Fundación Instituto Leloir, Argentina Drosophila circadian clocks, circadian control of behavior, neuronal structural plasticity (also: use of C. elegans, Drosophila, invertebrate models for mechanisms of neurodegeneration and aging)	PLOS Biology	1544-9173	PLOS	https://journals.plos.org/plosbiology/s/editorial-board	2022-01-18	NA
Samer Hattar 	Editorial Board	NIMH, USA Light, circadian rhythms, sleep; light detection in mammalian retina	PLOS Biology	1544-9173	PLOS	https://journals.plos.org/plosbiology/s/editorial-board	2022-01-18	NA
Achim Kramer	Editorial Board	Charité­–Universitätsmedizin Berlin, Germany Mammalian circadian rhythms, post-translational regulation, circadian clock in the olfactory system and immune system, chronobiology, (also: sleep)	PLOS Biology	1544-9173	PLOS	https://journals.plos.org/plosbiology/s/editorial-board	2022-01-18	NA
Peter Becker	Editorial Board	Advisory Board MemberAdolf Butenandt Institute, Ludwig-Maximilians University, Germany Chromatin dynamics, nucleosome remodeling, transcription, Drosophila dosage compensation, epigenetics	PLOS Biology	1544-9173	PLOS	https://journals.plos.org/plosbiology/s/editorial-board	2022-01-18	NA
Jeff Coller	Editorial Board	Johns Hopkins University, USA<U+200B> RNA Biology, mRNA translation, mRNA stability, RNA processing	PLOS Biology	1544-9173	PLOS	https://journals.plos.org/plosbiology/s/editorial-board	2022-01-18	NA
Wendy Gilbert	Editorial Board	Massachusetts Institute of Technology, USA Translational control, ribosomes, RNA modifications (also: RNA Biology)	PLOS Biology	1544-9173	PLOS	https://journals.plos.org/plosbiology/s/editorial-board	2022-01-18	NA
Petra Hajkova  	Editorial Board	MRC London Institute of Medical Sciences, UK Epigenetic reprogramming and chromatin remodeling in the developing mouse germ line and in the mouse zygote; DNA modifications, chromatin assembly/disassembly and underlying histone dynamics (also: early mammalian development and pluripotency)	PLOS Biology	1544-9173	PLOS	https://journals.plos.org/plosbiology/s/editorial-board	2022-01-18	NA
James Kadonaga	Editorial Board	University of California, San Diego, USA RNA polymerase II-mediated transcription, chromatin dynamics, promoter elements, ribosome biogenesis, chromatin assembly process, nucleosomes	PLOS Biology	1544-9173	PLOS	https://journals.plos.org/plosbiology/s/editorial-board	2022-01-18	NA
René Ketting 	Editorial Board	IMB, Mainz, Germany Non-coding RNAs, piRNA and siRNA biology, zebrafish and C. elegans, gene regulation, general germ cell development and early embryogenesis	PLOS Biology	1544-9173	PLOS	https://journals.plos.org/plosbiology/s/editorial-board	2022-01-18	NA
Eros Lazzerini-Denchi 	Editorial Board	National Cancer Institute, USA Telomere biology, genomic instability, DNA damage/repair, chromosome structure, replication	PLOS Biology	1544-9173	PLOS	https://journals.plos.org/plosbiology/s/editorial-board	2022-01-18	NA
Tom Misteli	Editorial Board	Advisory Board MemberNational Cancer Institute, USA Chromatin, nuclear architecture, epigenetics, splicing, imaging	PLOS Biology	1544-9173	PLOS	https://journals.plos.org/plosbiology/s/editorial-board	2022-01-18	NA
Phil Zamore	Editorial Board	University of Massachusetts Medical School, USA miRNAs, siRNAs, piRNAs	PLOS Biology	1544-9173	PLOS	https://journals.plos.org/plosbiology/s/editorial-board	2022-01-18	NA
Scott Keeney	Editorial Board	Memorial Sloan Kettering Cancer Center, USA Meiosis, recombination (using following tools - genetics, biochemistry, cytology, and genomics/bioinformatics), DNA repair, chromosome structure, topoisomerases, chromatin structure, DNA replication (also: gametogenesis, chromosome segregation, cell cycle)	PLOS Biology	1544-9173	PLOS	https://journals.plos.org/plosbiology/s/editorial-board	2022-01-18	NA
Tanya Paull	Editorial Board	The University of Texas at Austin, USA DNA damage response, checkpoint activation, DNA double-strand breaks, oxidative stress signaling, protein kinases and signaling	PLOS Biology	1544-9173	PLOS	https://journals.plos.org/plosbiology/s/editorial-board	2022-01-18	NA
Agata Smogorzewska	Editorial Board	Rockefeller University, USA DNA repair (also: telomeres, human genetics)	PLOS Biology	1544-9173	PLOS	https://journals.plos.org/plosbiology/s/editorial-board	2022-01-18	NA
Heather Christofk	Editorial Board	University of California, Los Angeles, USA Cancer metabolism, viral metabolism, metabolomics, stem cell metabolism, signaling pathway regulation of metabolism	PLOS Biology	1544-9173	PLOS	https://journals.plos.org/plosbiology/s/editorial-board	2022-01-18	NA
Giovanni D’Angelo 	Editorial Board	Swiss Federal Institute of Technology Lausanne (EPFL), Switzerland Biosynthetic pathways, glycosphingolipids, membrane trafficking, lipid biology (also: imaging mass spectrometry and organoids biology)	PLOS Biology	1544-9173	PLOS	https://journals.plos.org/plosbiology/s/editorial-board	2022-01-18	NA
Alex Gould	Editorial Board	The Francis Crick Institute, UK Drosophila – metabolism, development, lifespan, physiology, endocrinology, developmental neurobiology (also: cancer metabolism, metabolomics, neural stem cells, cell signaling, cell competition)	PLOS Biology	1544-9173	PLOS	https://journals.plos.org/plosbiology/s/editorial-board	2022-01-18	NA
Rebecca Haeusler	Editorial Board	Columbia University, USA Metabolic diseases, energy metabolism, bile acid metabolism, lipoproteins, diabetes, insulin resistance and signaling, obesity, cardiovascular diseases, atherosclerosis	PLOS Biology	1544-9173	PLOS	https://journals.plos.org/plosbiology/s/editorial-board	2022-01-18	NA
Gökhan Hotamisligil  	Editorial Board	Harvard School of Public Health, USA Energy metabolism and metabolic homeostasis, interactions between metabolism and immune response, metabolic diseases (e.g. obesity, diabetes), adipocyte differentiation and function, lipid nutrient biology	PLOS Biology	1544-9173	PLOS	https://journals.plos.org/plosbiology/s/editorial-board	2022-01-18	NA
Jason Locasale	Editorial Board	Duke University School of Medicine, USA Structure and function of metabolic networks in health and pathology, cancer metabolism, metabolic control of chromatin state and epigenetics, metabolomics, computational approaches to understanding metabolic networks	PLOS Biology	1544-9173	PLOS	https://journals.plos.org/plosbiology/s/editorial-board	2022-01-18	NA
Susanne Mandrup  	Editorial Board	University of Southern Denmark, Denmark Metabolism, transcriptional regulation of metabolism in adipocytes and pancreatic beta-cells, adipocyte differentiation, lineage commitment of human mesenchymal stem cells, acyl-CoA binding protein (ACBP)	PLOS Biology	1544-9173	PLOS	https://journals.plos.org/plosbiology/s/editorial-board	2022-01-18	NA
Nicole Soranzo	Editorial Board	The Wellcome Trust Sanger Institute, UK Human complex trait genomics and genetics, cardiometabolic diseases (e.g. coronary artery disease and type 2 diabetes)	PLOS Biology	1544-9173	PLOS	https://journals.plos.org/plosbiology/s/editorial-board	2022-01-18	NA
Mary Teruel	Editorial Board	Weill Cornell Medical College, Cornell University, USA Systems biology of cell differentiation; adipogenesis and osteogenesis; microscopy/imaging and mass spec tools; fluorescent probe development; quantitative biology; biological oscillations (such as circadian rhythms, hormonal signals, cell cycle), cell-to-cell variation/noise/heterogeneity; proteomics; understanding how feedback, noise, and the timing of oscillatory inputs critically control cell-fate decisions in the context of obesity, diabetes, cancer, aging, and tissue regeneration; insulin resistance (also: computational modeling)	PLOS Biology	1544-9173	PLOS	https://journals.plos.org/plosbiology/s/editorial-board	2022-01-18	NA
Rong Tian	Editorial Board	University of Washington, USA Energy metabolism, cardiovascular disease, mitochondrial dysfunction, metabolic signaling, NMR	PLOS Biology	1544-9173	PLOS	https://journals.plos.org/plosbiology/s/editorial-board	2022-01-18	NA
Tania De Koning-Ward  	Editorial Board	Deakin University, Australia Malaria, host-pathogen interactions, pathogenesis and protein trafficking, virulence mechanisms and immunity to human and animal model pathogens	PLOS Biology	1544-9173	PLOS	https://journals.plos.org/plosbiology/s/editorial-board	2022-01-18	NA
Michael Duffy	Editorial Board	University of Melbourne, AustraliaPlasmodium biology, malaria, antigenic variation, chromatin structure, epigenetics, transcription, nuclear biology (also: other parasites, serology of infectious disease, Illumina sequencing based projects)	PLOS Biology	1544-9173	PLOS	https://journals.plos.org/plosbiology/s/editorial-board	2022-01-18	NA
Kami Kim	Editorial Board	University of South Florida, USA Infectious diseases, parasitology, especially Apicomplexan parasites (Plasmodium, Toxoplasma, Cryptosporidium), host-pathogen interactions including bacteria, fungi, parasites; systems biology; epigenetics	PLOS Biology	1544-9173	PLOS	https://journals.plos.org/plosbiology/s/editorial-board	2022-01-18	NA
André Schneider	Editorial Board	University of Bern, Switzerland Mitochondrial biogenesis in Trypanosoma brucei, mitochondrial tRNA and protein import, mitochondrial biogenesis; organelles in parasitic protist	PLOS Biology	1544-9173	PLOS	https://journals.plos.org/plosbiology/s/editorial-board	2022-01-18	NA
Boris Striepen	Editorial Board	University of Pennsylvania, USA Protozoan parasites, parasite chloroplast, drug development, Apicomplexa, Toxoplasma	PLOS Biology	1544-9173	PLOS	https://journals.plos.org/plosbiology/s/editorial-board	2022-01-18	NA
Gary Ward	Editorial Board	University of Vermont, USA Toxoplasma, host cell invasion, parasite multiplication and host cell lysis, apicomplexan parasites	PLOS Biology	1544-9173	PLOS	https://journals.plos.org/plosbiology/s/editorial-board	2022-01-18	NA
Masahito Ikawa	Editorial Board	Osaka University, Japan Mammalian reproductive systems, sperm and male fertility, spermatogenesis, sperm function, fertilization, oocyte activation	PLOS Biology	1544-9173	PLOS	https://journals.plos.org/plosbiology/s/editorial-board	2022-01-18	NA
Polina Lishko 	Editorial Board	University of California, Berkeley, USA Reproductive physiology of mammalian fertilization, human sperm cells and sperm ion channels, sperm motility and male infertility, ovarian aging; calcium channels, ligand-gated ion channels, proton channels; mitochondria	PLOS Biology	1544-9173	PLOS	https://journals.plos.org/plosbiology/s/editorial-board	2022-01-18	NA
Rocio Rivera	Editorial Board	University of Missouri, USA Mammalian reproductive biology, epigenetics, superovulation, fertility and aging	PLOS Biology	1544-9173	PLOS	https://journals.plos.org/plosbiology/s/editorial-board	2022-01-18	NA
Carmen Williams 	Editorial Board	NIEHS, USA Physiology of mammalian fertilization, human sperm cells and sperm ion channels	PLOS Biology	1544-9173	PLOS	https://journals.plos.org/plosbiology/s/editorial-board	2022-01-18	NA
Mariana Wolfner	Editorial Board	Cornell University, USA Reproduction, function of seminal fluid proteins, oocyte activation	PLOS Biology	1544-9173	PLOS	https://journals.plos.org/plosbiology/s/editorial-board	2022-01-18	NA
Anna Akhmanova	Editorial Board	Utrecht University, Netherlands Organization and dynamics of the microtubule dynamics, microtubule-based organelle transport and motor proteins (kinesins, dyneins), microtubule-based processes in neurons (also: vesicle trafficking, Rab GTPases, cell polarity, migration, mitotic spindle organization)	PLOS Biology	1544-9173	PLOS	https://journals.plos.org/plosbiology/s/editorial-board	2022-01-18	NA
Fred Hughson	Editorial Board	Princeton University, USA Intracellular trafficking, membrane vesicles, bacterial communication and quorum sensing	PLOS Biology	1544-9173	PLOS	https://journals.plos.org/plosbiology/s/editorial-board	2022-01-18	NA
Sophie Martin	Editorial Board	University of Lausanne, Switzerland Cell polarity, cytoskeleton, membrane fusion/trafficking, cell cycle (also: yeast cell biology)	PLOS Biology	1544-9173	PLOS	https://journals.plos.org/plosbiology/s/editorial-board	2022-01-18	NA
Maya Schuldiner 	Editorial Board	Weizmann Institute of Science, Israel Yeast systems biology and cell biology, translocation into organelles, protein sorting, membrane contact sites and trafficking	PLOS Biology	1544-9173	PLOS	https://journals.plos.org/plosbiology/s/editorial-board	2022-01-18	NA
Anne Simonsen	Editorial Board	University of Oslo, Norway Autophagy, membrane trafficking, endocytosis	PLOS Biology	1544-9173	PLOS	https://journals.plos.org/plosbiology/s/editorial-board	2022-01-18	NA
Sharon Tooze  	Editorial Board	The Francis Crick Institute, UK Autophagy, biogenesis of autophagosomes, Atg proteins	PLOS Biology	1544-9173	PLOS	https://journals.plos.org/plosbiology/s/editorial-board	2022-01-18	NA
Andrea Cimarelli	Editorial Board	INSERM-CNRS, Université Lyon, France<U+200B> Virology, immunology, retroviruses, interferon, restriction factors, cell biology	PLOS Biology	1544-9173	PLOS	https://journals.plos.org/plosbiology/s/editorial-board	2022-01-18	NA
Karla Kirkegaard	Editorial Board	Stanford University School of Medicine, USA Virology, genetic susceptibility to infectious disease, autophagy, long noncoding RNAs	PLOS Biology	1544-9173	PLOS	https://journals.plos.org/plosbiology/s/editorial-board	2022-01-18	NA
Sarah Rowland-Jones	Editorial Board	Advisory Board MemberWeatherall Institute of Molecular Medicine, University of Oxford, UK Immunity to virus infection, immune response, HIV, vaccines	PLOS Biology	1544-9173	PLOS	https://journals.plos.org/plosbiology/s/editorial-board	2022-01-18	NA
Bill Sugden	Editorial Board	University of Wisconsin–Madison, USA EBV, Burkitts lymphoma, herpesvirus, mononucleosis, B cell lymphomas, LMP1 gene, cellular unfolded protein response, autophagy in B-cells, EBNA1, oriP, viral replication	PLOS Biology	1544-9173	PLOS	https://journals.plos.org/plosbiology/s/editorial-board	2022-01-18	NA
Pedro Jordano	Editorial Board	Estación Biológica de Doñana, CSIC, Spain Biodiversity, integrative ecology, ecological interactions and systems (e.g. mutualistic networks between plants, pollinators and seed dispersers), evolutionary ecology, population genetics, theoretical ecology	PLOS Biology	1544-9173	PLOS	https://journals.plos.org/plosbiology/s/editorial-board	2022-01-18	NA
Michel Loreau	Editorial Board	Advisory Board MemberTheoretical and Experimental Ecology Station, CNRS &amp; Paul Sabatier University, Moulis, France Biodiversity, ecosystem functioning, ecology, evolutionary ecology	PLOS Biology	1544-9173	PLOS	https://journals.plos.org/plosbiology/s/editorial-board	2022-01-18	NA
Anurag Agrawal	Editorial Board	Cornell University, USA Ecology, evolution, plant–insect interaction, herbivory, community ecology	PLOS Biology	1544-9173	PLOS	https://journals.plos.org/plosbiology/s/editorial-board	2022-01-18	NA
Craig Moritz	Editorial Board	Australian National University, Australia Ecology, evolution, molecular markers to infer population processes, habitat changes, faunas, rainforest biota, conservation biology	PLOS Biology	1544-9173	PLOS	https://journals.plos.org/plosbiology/s/editorial-board	2022-01-18	NA
Hélène Morlon	Editorial Board	École Normale Supérieure, France Macroevolution, macroecology, community assembly, microbial biogeography, biodiversity, conservation	PLOS Biology	1544-9173	PLOS	https://journals.plos.org/plosbiology/s/editorial-board	2022-01-18	NA
Wenying Shou	Editorial Board	Fred Hutchinson Cancer Research Center, USA Quantitative experimental biology, mathematical modeling of biological systems, ecology and evolution in microbial communities, evolution of cooperation and multi-level selection, spatial patterning and self-organization	PLOS Biology	1544-9173	PLOS	https://journals.plos.org/plosbiology/s/editorial-board	2022-01-18	NA
Andrew Tanentzap	Editorial Board	University of Cambridge, UK Ecosystem ecology, biogeochemistry, global change, macroecology, biodiversity, plant-animal interactions, conservation, mathematical and statistical modelling, plant ecology, phylogenetics, macroevolution	PLOS Biology	1544-9173	PLOS	https://journals.plos.org/plosbiology/s/editorial-board	2022-01-18	NA
Gail Patricelli 	Editorial Board	University of California, Davis, USA Behavioral ecology, bioacoustics, visuals signals and conservation in birds, reproduction, sexual selection and signaling in birds	PLOS Biology	1544-9173	PLOS	https://journals.plos.org/plosbiology/s/editorial-board	2022-01-18	NA
Andy Dobson	Editorial Board	Princeton University, USA Ecology of infectious diseases, conservation, carnivores	PLOS Biology	1544-9173	PLOS	https://journals.plos.org/plosbiology/s/editorial-board	2022-01-18	NA
Mark Siegal	Editorial Board	New York University, USA Drosophila and yeast evolutionary systems biology (variation in regulatory systems using experimental and/or theoretical methods), evolution and genetics of complex traits, robustness, canalization, evolutionary plasticity, stochasticity, cryptic genetic variation, high-throughput phenotyping/image analysis, genetics and evolution of sexual differentiation in invertebrates (also: Drosophila and yeast developmental genetics, vertebrate sexual differentiation, analysis of human genetic variation)	PLOS Biology	1544-9173	PLOS	https://journals.plos.org/plosbiology/s/editorial-board	2022-01-18	NA
Tiago Bosisio Quental 	Editorial Board	USP, Sao Paolo, Brazil Paleobiology, macroevolution, speciation, extinction, diversity dynamics, biotic interactions, ecology	PLOS Biology	1544-9173	PLOS	https://journals.plos.org/plosbiology/s/editorial-board	2022-01-18	NA
Michael Jennions  	Editorial Board	The Australian National University, Australia Behavioural and reproductive ecology, whole organism evolutionary biology, sexual selection, meta-research	PLOS Biology	1544-9173	PLOS	https://journals.plos.org/plosbiology/s/editorial-board	2022-01-18	NA
Laurent Keller  	Editorial Board	University of Lausanne, Switzerland Animal behaviour, ecology, evolutionary genetics and genomics, insects	PLOS Biology	1544-9173	PLOS	https://journals.plos.org/plosbiology/s/editorial-board	2022-01-18	NA
Catherine Hobaiter	Editorial Board	University of St. Andrews, Scotland Evolution of communication and social behaviour, primate behaviour, animal cognition (also: socio-ecology in mammals, human behaviour)	PLOS Biology	1544-9173	PLOS	https://journals.plos.org/plosbiology/s/editorial-board	2022-01-18	NA
Selene Fernández Valverde  	Editorial Board	LANGEBIO Cinvestav, Irapuato, Mexico Transcriptomics, gene regulation and non-coding RNAs in model and non-model organisms, genomic/bioinformatic approaches in evolution of gene regulatory systems, RNA-Seq and small RNA sequencing, genome annotation (also: novel sequencing techniques, development of genomic techniques for non classical model organisms)	PLOS Biology	1544-9173	PLOS	https://journals.plos.org/plosbiology/s/editorial-board	2022-01-18	NA
Andreas Hejnol 	Editorial Board	University of Bergen, Norway Developmental biology, evolutionary developmental biology and comparative genomics; molecular phylogenetics and gene regulation	PLOS Biology	1544-9173	PLOS	https://journals.plos.org/plosbiology/s/editorial-board	2022-01-18	NA
Abdou Khila	Editorial Board	IGFL Lyon, France Developmental genomics and evolution; selective pressures in shaping animal diversity, body plan organization, morphogenetic segmentation; conquest of new ecological habitats, water strider	PLOS Biology	1544-9173	PLOS	https://journals.plos.org/plosbiology/s/editorial-board	2022-01-18	NA
Arjan de Visser  	Editorial Board	Wageningen University, Netherlands Microbial experimental evolution, epistasis, evolution of sex and recombination, evolution of antibiotic resistance (also: evolutionary genetics and evolutionary ecology relating to bacteria and fungi)	PLOS Biology	1544-9173	PLOS	https://journals.plos.org/plosbiology/s/editorial-board	2022-01-18	NA
Csaba Pál  	Editorial Board	Hungarian Academy of Sciences, Hungary Experimental evolution, microbial evolution, antibiotic resistance, network evolution (evolutionary systems biology)	PLOS Biology	1544-9173	PLOS	https://journals.plos.org/plosbiology/s/editorial-board	2022-01-18	NA
Harmit Malik	Editorial Board	Fred Hutchinson Cancer Research Center, USA Genome evolution, evolution of centromeres, innate and intrinsic immunity against viruses, mobile genetic elements in Drosophila	PLOS Biology	1544-9173	PLOS	https://journals.plos.org/plosbiology/s/editorial-board	2022-01-18	NA
Leonie Moyle	Editorial Board	<U+200B>Indiana University, USA Genome evolution, genetics, speciation, adaptation, evolutionary ecology, sexual conflict (also: sexual selection, plant reproductive biology, evolutionary genomics)	PLOS Biology	1544-9173	PLOS	https://journals.plos.org/plosbiology/s/editorial-board	2022-01-18	NA
Nora Besansky	Editorial Board	University of Notre Dame, USA Evolutionary adaptation, hybridization, introgression, cryptic speciation, gene flow, invertebrate genomics, malaria, vector biology	PLOS Biology	1544-9173	PLOS	https://journals.plos.org/plosbiology/s/editorial-board	2022-01-18	NA
Laurence Hurst	Editorial Board	Advisory Board Member<U+200B>University of Bath, UK Evolutionary genetics and genomics, computational and mathematical modelling	PLOS Biology	1544-9173	PLOS	https://journals.plos.org/plosbiology/s/editorial-board	2022-01-18	NA
Claudia Bank	Editorial Board	<U+200B>University of Bern, Switzerland Microbial evolution, population genetics, speciation, statistics, experimental evolution, theory, mathematical modeling	PLOS Biology	1544-9173	PLOS	https://journals.plos.org/plosbiology/s/editorial-board	2022-01-18	NA
Isabel Gordo	Editorial Board	Instituto Gulbenkian de Ciência, Portugal Bacterial evolution, population genetics, microbiome	PLOS Biology	1544-9173	PLOS	https://journals.plos.org/plosbiology/s/editorial-board	2022-01-18	NA
Nick Barton  	Editorial Board	Advisory Board MemberThe Institute of Science and Technology, Austria Evolutionary biology, population genetics, mathematical models of evolution, species adaptation, natural selection	PLOS Biology	1544-9173	PLOS	https://journals.plos.org/plosbiology/s/editorial-board	2022-01-18	NA
Qiaomei Fu 	Editorial Board	<U+200B>Chinese Academy of Sciences, Beijing, China Population genetics, ancient human genomics, human evolution, ancient DNA, early modern humans	PLOS Biology	1544-9173	PLOS	https://journals.plos.org/plosbiology/s/editorial-board	2022-01-18	NA
Chris Jiggins 	Editorial Board	University of Cambridge, UK Population genetics, speciation, introgression	PLOS Biology	1544-9173	PLOS	https://journals.plos.org/plosbiology/s/editorial-board	2022-01-18	NA
Kelly Swarts 	Editorial Board	University of Vienna, Austria Population genetics, ancient DNA, plants	PLOS Biology	1544-9173	PLOS	https://journals.plos.org/plosbiology/s/editorial-board	2022-01-18	NA
Avinash Bhandoola	Editorial Board	National Cancer Institute, USA Hematopoietic progenitor cells, migration to the thymus, Nature Helper Cells (T cell like cells), T cell leukemias and immunodeficiencies	PLOS Biology	1544-9173	PLOS	https://journals.plos.org/plosbiology/s/editorial-board	2022-01-18	NA
Ken Cadwell	Editorial Board	New York University, USA Host–pathogen interactions, basic immunology, inflammation, autophagy, microbiome (virome), norovirus, mucosal immunity, inflammatory bowel disease (also: lymphocyte differentiation, molecular bacteriology)	PLOS Biology	1544-9173	PLOS	https://journals.plos.org/plosbiology/s/editorial-board	2022-01-18	NA
Tom Freeman	Editorial Board	Janssen Immunology, US<U+200B>A Transcriptomics, network analysis, pathway modelling, immunobiology, macrophages (also: cell cycle and cancer).	PLOS Biology	1544-9173	PLOS	https://journals.plos.org/plosbiology/s/editorial-board	2022-01-18	NA
Philippa Marrack	Editorial Board	Advisory Board memberNational Jewish Health and University of Colorado, USA Immunology, T cell specificity and response	PLOS Biology	1544-9173	PLOS	https://journals.plos.org/plosbiology/s/editorial-board	2022-01-18	NA
David Nemazee	Editorial Board	Scripps Research Institute, USA Receptor editing in B lymphocytes, antigen receptors, autoreactive lymphocytes, B cells, recombinase genes	PLOS Biology	1544-9173	PLOS	https://journals.plos.org/plosbiology/s/editorial-board	2022-01-18	NA
Paula Oliver	Editorial Board	University of Pennsylvania, USA T cell biology, ubiquitin pathway biology, adaptive immunity, autoimmune and allergic disease	PLOS Biology	1544-9173	PLOS	https://journals.plos.org/plosbiology/s/editorial-board	2022-01-18	NA
Feng Shao 	Editorial Board	NIBS (National Institute of Biological Sciences), China Innate immunity, pyroptosis, inflammation, cell death, bacterial-host interaction	PLOS Biology	1544-9173	PLOS	https://journals.plos.org/plosbiology/s/editorial-board	2022-01-18	NA
Takeshi Tsubata	Editorial Board	Tokyo Medical and Dental University, Japan B lymphocyte biology, antibody responses, autoimmune diseases (also: lectins)	PLOS Biology	1544-9173	PLOS	https://journals.plos.org/plosbiology/s/editorial-board	2022-01-18	NA
Tobias Bollenbach	Editorial Board	<U+200B>University of Cologne, Germany Systems biology, microbial ecology and evolution, drug combinations and antibiotic resistance, biophysics, computational biology, ecosystem modeling, gene regulatory networks, population modeling	PLOS Biology	1544-9173	PLOS	https://journals.plos.org/plosbiology/s/editorial-board	2022-01-18	NA
Christophe Fraser	Editorial Board	University of Oxford , UK Mathematical and computational modelling of pathogen dynamics, epidemiology of infectious disease, evolutionary/within host pathogen dynamics, pathogen genetics &amp;genomics, HIV, Streptococcus pneumoniae, antimicrobial resistance, evolution of virulence &amp; emerging outbreaks (also: population genetics, mathematical modelling of biological processes, bioinformatics software, non-infectious disease epidemiology)	PLOS Biology	1544-9173	PLOS	https://journals.plos.org/plosbiology/s/editorial-board	2022-01-18	NA
Andrew Read	Editorial Board	Penn State University, USA Evolution, ecology of infectious diseases, vaccines, insecticides, malaria, drug resistance	PLOS Biology	1544-9173	PLOS	https://journals.plos.org/plosbiology/s/editorial-board	2022-01-18	NA
Roland Regös	Editorial Board	Institute of Integrative Biology, Zurich, Switzerland Theoretical and quantitative biology – virus dynamics (HIV, SIV, Salmonella typhimurium, LCMV), infectious disease dynamics, mathematical immunology, epidemiology and evolutionary ecology	PLOS Biology	1544-9173	PLOS	https://journals.plos.org/plosbiology/s/editorial-board	2022-01-18	NA
Steven Riley	Editorial Board	<U+200B>Imperial College London, UK Transmission of human pathogens, emerging viruses (influenza), disease dynamics, mathematical models, public health, spatial ecology, host–pathogen interactions, phylogenetic studies	PLOS Biology	1544-9173	PLOS	https://journals.plos.org/plosbiology/s/editorial-board	2022-01-18	NA
David Schneider	Editorial Board	Advisory Board MemberStanford University, USA Microbiology and immunology, infectious disease	PLOS Biology	1544-9173	PLOS	https://journals.plos.org/plosbiology/s/editorial-board	2022-01-18	NA
Michael Laub 	Editorial Board	Advisory Board Member<U+200B>Massachusetts Institute of Technology, USA Bacterial signal transduction, cell cycle progression, cellular asymmetry, two-component signal transduction, stress, checkpoints, genome stability	PLOS Biology	1544-9173	PLOS	https://journals.plos.org/plosbiology/s/editorial-board	2022-01-18	NA
Matt Waldor 	Editorial Board	Advisory Board MemberBrigham and Women's Hospital and Harvard Medical School, USA Evolution, bacterial pathogenicity, mechanisms of bacterial cell processes (e.g. cell polarity), enteric pathogens, virulence control and therapeutics	PLOS Biology	1544-9173	PLOS	https://journals.plos.org/plosbiology/s/editorial-board	2022-01-18	NA
Jonathan Eisen  	Editorial Board	Advisory Board Member<U+200B>University of California, Davis, USA Microbes, microbiome, phylogenetics, functional genomics	PLOS Biology	1544-9173	PLOS	https://journals.plos.org/plosbiology/s/editorial-board	2022-01-18	NA
Victor Sourjik  	Editorial Board	Max Planck Institute for Terrestrial Microbiology &amp; LOEWE Center for Synthetic Microbiology, Germany Bacterial motility, systems biology, chemotaxis, signal transduction, bacterial cell biology, biofilms, synthetic biology (also: applications of fluorescence microscopy techniques, experimental evolution and mathematical modeling to study microorganisms.)	PLOS Biology	1544-9173	PLOS	https://journals.plos.org/plosbiology/s/editorial-board	2022-01-18	NA
Nancy Moran  	Editorial Board	University of Texas at Austin, USA Biology of symbiosis, insect and bacterial symbionts, aphid genes, carotenoid biosynthesis	PLOS Biology	1544-9173	PLOS	https://journals.plos.org/plosbiology/s/editorial-board	2022-01-18	NA
Luis Teixeira 	Editorial Board	Instituto Gulbenkian de Ciência, Portugal Host-microbe interactions, endosymbionts, Wolbachia, microbiota, insect immunity, antiviral immunity, innate immunity (also: Drosophila genetics and physiology)	PLOS Biology	1544-9173	PLOS	https://journals.plos.org/plosbiology/s/editorial-board	2022-01-18	NA
Joseph Heitman 	Editorial Board	Duke University Medical Center, USA Microbial pathogenesis, sexual reproduction and evolution, virulence, fungal pathogens, antifungal drugs	PLOS Biology	1544-9173	PLOS	https://journals.plos.org/plosbiology/s/editorial-board	2022-01-18	NA
Aaron Mitchell 	Editorial Board	Carnegie Mellon University, USA Virulence mechanisms, biofilm formation, fungal pathogen-host interactions, Candida	PLOS Biology	1544-9173	PLOS	https://journals.plos.org/plosbiology/s/editorial-board	2022-01-18	NA
Anita Sil 	Editorial Board	University of California, San Francisco, USA Fungal pathogens, temperature-sensing, cell shape, host-pathogen interactions, innate immune response	PLOS Biology	1544-9173	PLOS	https://journals.plos.org/plosbiology/s/editorial-board	2022-01-18	NA
Janelle Ayres	Editorial Board	Salk Institute of Biological Studies, USA Host-bacterial interactions (commensal and pathogens), microbial tolerance and resistance, antimicrobials and therapeutics	PLOS Biology	1544-9173	PLOS	https://journals.plos.org/plosbiology/s/editorial-board	2022-01-18	NA
Chris Pierce  	Editorial Board	Rutgers University, USA Behavioral neuroscience, systems neuroscience, addiction (drug addiction, cocaine addiction), epigenetics, transgenerational epigenetics 	PLOS Biology	1544-9173	PLOS	https://journals.plos.org/plosbiology/s/editorial-board	2022-01-18	NA
Eric Nestler	Editorial Board	Advisory Board MemberMount Sinai School of Medicine, USA Addiction and depression, epigenetics	PLOS Biology	1544-9173	PLOS	https://journals.plos.org/plosbiology/s/editorial-board	2022-01-18	NA
Gillian Bates  	Editorial Board	University College, London, UK Neurodegeneration, Huntington’s disease, polyglutamine disorders, amyloid, proteostasis, preclinical evaluation	PLOS Biology	1544-9173	PLOS	https://journals.plos.org/plosbiology/s/editorial-board	2022-01-18	NA
Richard Daneman	Editorial Board	University of California, San Diego, USA Neurovascular development, blood-brain barrier, neurovascular disease, glial cell biology, neurovascular coupling, neuron glial interactions, neuroinflmmation, multiple sclerosis, stroke, CNS drug delivery, regulation of neurotransmitters, mouse models of neurological disease	PLOS Biology	1544-9173	PLOS	https://journals.plos.org/plosbiology/s/editorial-board	2022-01-18	NA
Franck Polleux	Editorial Board	<U+200B>Columbia University, USA Mammalian brain connectivity, neuronal differentiation, synaptic development, human brain evolution, mouse brain development, cellular and molecular mechanisms of neurodegeneration	PLOS Biology	1544-9173	PLOS	https://journals.plos.org/plosbiology/s/editorial-board	2022-01-18	NA
Ben Emery	Editorial Board	<U+200B>Oregon Health &amp; Science University, USA Myelin biology, glial biology, axoglial interactions, demyelinating diseases (e.g., multiple sclerosis) and animal models of demyelination/remyelination; oligodendrocytes and their progenitors (also: astrocytes, Schwann cells, microglia)	PLOS Biology	1544-9173	PLOS	https://journals.plos.org/plosbiology/s/editorial-board	2022-01-18	NA
Marc Freeman	Editorial Board	Oregon Health &amp; Science University, USA Neurodevelopment, glial cell biology, axon biology, axon degeneration, neuronal pruning, engulfment signaling or phagocytosis, nerve injury, model organism genetics – Drosophila, C. elegans, Zebrafish (also: cell death, development, tissue patterning, lineages, cell-cell signaling)	PLOS Biology	1544-9173	PLOS	https://journals.plos.org/plosbiology/s/editorial-board	2022-01-18	NA
Kelly Monk  	Editorial Board	Vollum Institute, Oregon Health &amp; Science University, USA Glia, myelin, neuron-glial interactions, adhesion GPCRs, zebrafish and mouse genetics (also: neurodevelopment, model organism genetics, peripheral nervous system development and repair)	PLOS Biology	1544-9173	PLOS	https://journals.plos.org/plosbiology/s/editorial-board	2022-01-18	NA
Mikael Simons  	Editorial Board	German Center for Neurodegenerative Diseases (DZNE), Germany Glia, myelin, regeneration (also: neurodegeneration, neuroinflammation)	PLOS Biology	1544-9173	PLOS	https://journals.plos.org/plosbiology/s/editorial-board	2022-01-18	NA
Bing Ye	Editorial Board	University of Michigan, USA Cellular and molecular mechanisms underlying the morphogenesis of neurons and the assembly of Drosophila neural circuits	PLOS Biology	1544-9173	PLOS	https://journals.plos.org/plosbiology/s/editorial-board	2022-01-18	NA
Heather Cameron	Editorial Board	National Institute of Mental Health, USA Neurogenesis in hippocampus, granule cells, stress, depression, learning and memory	PLOS Biology	1544-9173	PLOS	https://journals.plos.org/plosbiology/s/editorial-board	2022-01-18	NA
Joshua Dubnau	Editorial Board	Stony Brook University, USA Drosophila neurogenetics, Drosophila models of neurodegeneration, olfactory behavior and learning, impact of mobile elements on aging, neurodegeneration and the nervous system (also: somatic mosaicism, animal models of aging, single cell RNAseq and DNA sequencing)	PLOS Biology	1544-9173	PLOS	https://journals.plos.org/plosbiology/s/editorial-board	2022-01-18	NA
Bassem Hassan	Editorial Board	Institut du Cerveau et de la Moelle Épinière, France Neurogenetics, development, whole-brain culture and imaging, Wnt, cell fate	PLOS Biology	1544-9173	PLOS	https://journals.plos.org/plosbiology/s/editorial-board	2022-01-18	NA
Paul Shaw 	Editorial Board	<U+200B>Washington University in St. Louis, USA Sleep, neuronal plasticity and memory in Drosophila	PLOS Biology	1544-9173	PLOS	https://journals.plos.org/plosbiology/s/editorial-board	2022-01-18	NA
Alberto Bacci	Editorial Board	<U+200B>Institut du Cerveau et de la Moelle Épinière, France Cellular neurophysiology, neocortex, synaptic inhibition and auto-modulation of brain cortex microcircuits	PLOS Biology	1544-9173	PLOS	https://journals.plos.org/plosbiology/s/editorial-board	2022-01-18	NA
Matthew Dalva	Editorial Board	Thomas Jefferson University, USA Synapse and neural circuit generation, cell adhesion	PLOS Biology	1544-9173	PLOS	https://journals.plos.org/plosbiology/s/editorial-board	2022-01-18	NA
Cagla Eroglu	Editorial Board	<U+200B>Duke University Medical Center, USA Synaptic network formation during development and remodeling during learning and disease, glial cells, astrocytes	PLOS Biology	1544-9173	PLOS	https://journals.plos.org/plosbiology/s/editorial-board	2022-01-18	NA
Yi-Ping Hsueh 	Editorial Board	Academica Sinica, Taiwan Neuronal morphogenesis, synapse formation, neurodevelopmental disorders, neurodegeneration, mouse genetic models for autism spectrum disorders and other neurodevelopmental disorders; neuroinflammation, endoplasmic reticulum, protein synthesis and cytoskeletons in neuronal morphogenesis and related disorders	PLOS Biology	1544-9173	PLOS	https://journals.plos.org/plosbiology/s/editorial-board	2022-01-18	NA
Eunjoon Kim 	Editorial Board	KAIST, Korea Molecular organization and functional coordination of neuronal synapses; synapse development, synaptic scaffolding and adhesion molecules, synaptic transmission and plasticity, psychiatric disorders, autism, intellectual disability; synaptopathies; molecular, cell-biological, biochemical, anatomical, imaging, electrophysiological, and behavioral tools	PLOS Biology	1544-9173	PLOS	https://journals.plos.org/plosbiology/s/editorial-board	2022-01-18	NA
Peter Scheiffele	Editorial Board	University of Basel, Switzerland Neuronal circuit assembly, synapse formation, psychiatric disorders, synapses, autism, schizophrenia	PLOS Biology	1544-9173	PLOS	https://journals.plos.org/plosbiology/s/editorial-board	2022-01-18	NA
Tom Südhof  	Editorial Board	Stanford University School of Medicine, USA Synapse formation and synaptic transmission (synaptic cell biology, physiology, circuits), Alzheimer’s and Parkinson’s disease, autism and schizophrenia	PLOS Biology	1544-9173	PLOS	https://journals.plos.org/plosbiology/s/editorial-board	2022-01-18	NA
Claude Desplan	Editorial Board	New York University, USA Visual system development, evo–devo, neurogenesis, electrophysiology, cell fate, Drosophila	PLOS Biology	1544-9173	PLOS	https://journals.plos.org/plosbiology/s/editorial-board	2022-01-18	NA
Richard Benton	Editorial Board	University of Lausanne, Switzerland Sensory biology, chemosensation, Drosophila genetics and behavior (also: evolutionary neurobiology and neurodevelopment in invertebrate systems)	PLOS Biology	1544-9173	PLOS	https://journals.plos.org/plosbiology/s/editorial-board	2022-01-18	NA
Manuel Malmierca	Editorial Board	<U+200B>University of Salamanca, Spain Auditory neurophysiology; coding of stimulus-specific neuronal adaptation, sensory processing, neurocircuitry and neuropharmacology, cortical and subcortical plasticity, subcortical processing	PLOS Biology	1544-9173	PLOS	https://journals.plos.org/plosbiology/s/editorial-board	2022-01-18	NA
Carl Petersen	Editorial Board	Swiss Federal Institute of Technology Lausanne (EPFL), Switzerland Sensory and motor systems neuroscience, neuronal circuits, synaptic transmission, electrophysiology and optical imaging techniques	PLOS Biology	1544-9173	PLOS	https://journals.plos.org/plosbiology/s/editorial-board	2022-01-18	NA
Piali Sengupta	Editorial Board	Advisory Board MemberBrandeis University, USA Sensory neurons, neuron specification, cilia development, pheromone signaling, chemoreceptor genes, cellular memory, thermosensation	PLOS Biology	1544-9173	PLOS	https://journals.plos.org/plosbiology/s/editorial-board	2022-01-18	NA
Tom Baden	Editorial Board	<U+200B>University of Sussex, UK Methods, open hardware; vertebrate retina, systems neuroscience, zebrafish (also: mice, primates, salamander, birds)	PLOS Biology	1544-9173	PLOS	https://journals.plos.org/plosbiology/s/editorial-board	2022-01-18	NA
Jonathan Demb	Editorial Board	Yale University, USA Sensory and visual neuroscience, retina, visual cortex, two-photon imaging, patch-clamp recording of synapses, imaging glutamate sensors	PLOS Biology	1544-9173	PLOS	https://journals.plos.org/plosbiology/s/editorial-board	2022-01-18	NA
Adam Kohn	Editorial Board	Albert Einstein College of Medicine, USA Systems and computational neuroscience, visual processing, cortical plasticity, population coding	PLOS Biology	1544-9173	PLOS	https://journals.plos.org/plosbiology/s/editorial-board	2022-01-18	NA
Chris Pack	Editorial Board	McGill University, Canada Visual neurophysiology, visual cortex, system identification methods	PLOS Biology	1544-9173	PLOS	https://journals.plos.org/plosbiology/s/editorial-board	2022-01-18	NA
Jennifer Bizley	Editorial Board	University College London, UK Auditory physiology, object recognition and perceptual invariance, selective attention	PLOS Biology	1544-9173	PLOS	https://journals.plos.org/plosbiology/s/editorial-board	2022-01-18	NA
Ghislaine Dehaene-Lambertz	Editorial Board	INSERM–CEA Cognitive Neuroimaging Unit, France Pediatrics, brain organization, human cognitive development, higher cognitive functions (language, music, mathematics), brain imaging techniques in children, neurological/clinical research in children	PLOS Biology	1544-9173	PLOS	https://journals.plos.org/plosbiology/s/editorial-board	2022-01-18	NA
Simon Hanslmayr	Editorial Board	University of Glasgow, UK<U+200B> Neural oscillations in human memory and attentions; MEG, EEG, combined EEG-fMRI, intracranial EEG and human single unit recordings, brain stimulation methods (tACS, tDCS, rTMS and intracranial electrical stimulation)	PLOS Biology	1544-9173	PLOS	https://journals.plos.org/plosbiology/s/editorial-board	2022-01-18	NA
David Poeppel	Editorial Board	New York University, USA Neural basis of speech perception, language processing, auditory perception and cognition, music, MEG, EEG, and fMRI (also: systems neuroscience)	PLOS Biology	1544-9173	PLOS	https://journals.plos.org/plosbiology/s/editorial-board	2022-01-18	NA
Matthew Rushworth	Editorial Board	University of Oxford, UK Experimental psychology, decision-making, brain connections and interactions, social cognition, neuro-rehabilitation, frontal lobes	PLOS Biology	1544-9173	PLOS	https://journals.plos.org/plosbiology/s/editorial-board	2022-01-18	NA
Chris Summerfield	Editorial Board	University of Oxford, UK Human cognitive science/neuroscience, visual cognition, attention, learning and memory systems, executive function and decision-making, including systems-level computational models and neural network models	PLOS Biology	1544-9173	PLOS	https://journals.plos.org/plosbiology/s/editorial-board	2022-01-18	NA
Lars Chittka	Editorial Board	Queen Mary University of London, UK Sensory, behaviour, vision, olfaction, communication, learning	PLOS Biology	1544-9173	PLOS	https://journals.plos.org/plosbiology/s/editorial-board	2022-01-18	NA
Frans de Waal	Editorial Board	Emory University, USA Primate behavior, cultural learning, behavioral economics, empathy, communication, social reciprocity and conflict resolution in primates	PLOS Biology	1544-9173	PLOS	https://journals.plos.org/plosbiology/s/editorial-board	2022-01-18	NA
Alexander Gail	Editorial Board	Georg August University of Göttingen, Germany Sensorimotor integration, cognitive movement planning, neuroprosthetics, neuronal synchronization, visual object coding; methods: awake monkey electrophysiology, extracellular multi-channel microelectrode recordings, psychophysics in human and non-human primates, correlation and spectral coherence analysis, pattern recognition	PLOS Biology	1544-9173	PLOS	https://journals.plos.org/plosbiology/s/editorial-board	2022-01-18	NA
Jozsef Csicsvari	Editorial Board	Institute of Science and Technology, Austria Hippocampus, oscillations, systems neuroscience, behavior, learning and memory, neurophysiology – cellular, network, synaptic (also: computational and complex data analysis, imaging)	PLOS Biology	1544-9173	PLOS	https://journals.plos.org/plosbiology/s/editorial-board	2022-01-18	NA
Ben Seymour	Editorial Board	University of Oxford, UK Computational and systems neuroscience of pain, pain and aversive/fear learning, pain perception, behavior and decision-making, functional neuroimaging (fMRI) and learning theory, body-machine and brain-machine applications for chronic pain (also: reward, motivation, and decision-making; somatosensory neuroscience)	PLOS Biology	1544-9173	PLOS	https://journals.plos.org/plosbiology/s/editorial-board	2022-01-18	NA
Aniruddha Das	Editorial Board	Columbia University, USA Visual processing; brain hemodynamics and neural/physiological basis of the hemodynamic response (also: sensory processing - auditory, somatosensory)	PLOS Biology	1544-9173	PLOS	https://journals.plos.org/plosbiology/s/editorial-board	2022-01-18	NA
Frank Tong	Editorial Board	Vanderbilt University, USA Human visual perception, orientation and motion perception, face and object perception, mechanisms of visual attention, visual working memory and imagery	PLOS Biology	1544-9173	PLOS	https://journals.plos.org/plosbiology/s/editorial-board	2022-01-18	NA
Simon W. Townsend	Editorial Board	University of Zurich, Switzerland Animal behavioral ecology, bird song, vocalization, animal cognition and sociality, evolutionary linguistics	PLOS Biology	1544-9173	PLOS	https://journals.plos.org/plosbiology/s/editorial-board	2022-01-18	NA
Tor Wager  	Editorial Board	Dartmouth College, Hanover, NH, USA Pain and emotion, multivariate brain connectivity, predictive models of brain activity	PLOS Biology	1544-9173	PLOS	https://journals.plos.org/plosbiology/s/editorial-board	2022-01-18	NA
Claus Hilgetag	Editorial Board	University of Hamburg, Germany Structural and functional connectivity of the mammalian cerebral cortex; analytical tools, computational neuroscience	PLOS Biology	1544-9173	PLOS	https://journals.plos.org/plosbiology/s/editorial-board	2022-01-18	NA
Henry Kennedy	Editorial Board	INSERM, France Brain physiology, anatomy and development, connectivity, cortical development; large-scale structural and dynamic models of cortex (also: rodent primate distinctions in adult and development)	PLOS Biology	1544-9173	PLOS	https://journals.plos.org/plosbiology/s/editorial-board	2022-01-18	NA
Xuemei Chen	Editorial Board	University of California at Riverside, USA Plant development, noncoding RNAs, stem cell maintenance	PLOS Biology	1544-9173	PLOS	https://journals.plos.org/plosbiology/s/editorial-board	2022-01-18	NA
Xinnian Dong	Editorial Board	Duke University, USA Plant­–microbe interactions, pathogens, plant immunity, hormones	PLOS Biology	1544-9173	PLOS	https://journals.plos.org/plosbiology/s/editorial-board	2022-01-18	NA
Mark Estelle	Editorial Board	University of California, San Diego, USA Plant hormones, auxin, ubiquitin, transcription	PLOS Biology	1544-9173	PLOS	https://journals.plos.org/plosbiology/s/editorial-board	2022-01-18	NA
Sophien Kamoun	Editorial Board	The Sainsbury Laboratory, UK Plant host–pathogen interaction, effector biology, genome evolution	PLOS Biology	1544-9173	PLOS	https://journals.plos.org/plosbiology/s/editorial-board	2022-01-18	NA
June Nasrallah	Editorial Board	Advisory Board MemberCornell University, USA Cell–cell interactions, pollination biology, comparative genomics	PLOS Biology	1544-9173	PLOS	https://journals.plos.org/plosbiology/s/editorial-board	2022-01-18	NA
Charlotte Deane 	Editorial Board	University of Oxford, UK Structure and computational biology, protein structure prediction and protein interaction networks, biological networks, small molecule design	PLOS Biology	1544-9173	PLOS	https://journals.plos.org/plosbiology/s/editorial-board	2022-01-18	NA
Raimund Dutzler  	Editorial Board	University of Zurich, Switzerland Transmembrane ion transport mechanisms, chloride channels and transporters, X-ray crystallography	PLOS Biology	1544-9173	PLOS	https://journals.plos.org/plosbiology/s/editorial-board	2022-01-18	NA
Franca Fraternali  	Editorial Board	King's College London, UK Structural biology of proteins and nucleic acids; systems biology; protein structure prediction; molecular dynamics of folded and misfolded proteins; statistical analysis of protein interaction networks; bioinformatics and computational biology	PLOS Biology	1544-9173	PLOS	https://journals.plos.org/plosbiology/s/editorial-board	2022-01-18	NA
Raquel Lieberman	Editorial Board	Georgia Institute of Technology, USA Structural biology, structure-function of proteins and enzymes, protein mis/folding, molecular chaperones, molecular/chemical biophysics (also: enzymology, metallo-enzymology, medicinal chemistry/drug discovery, eye diseases, biomedical engineering)	PLOS Biology	1544-9173	PLOS	https://journals.plos.org/plosbiology/s/editorial-board	2022-01-18	NA
Ann Stock	Editorial Board	Advisory Board MemberRobert Wood Johnson Medical School, USA<U+200B> Protein structure, receptor-mediated signal transduction, bacterial chemotaxis, X-ray chrystallography	PLOS Biology	1544-9173	PLOS	https://journals.plos.org/plosbiology/s/editorial-board	2022-01-18	NA
Kylie Walters 	Editorial Board	National Cancer Institute, USA Structural biology, NMR spectroscopy, x-ray crystallography, proteasome, ubiquitin signaling, protein quality control, myosin VI (also: protein folding/molecular chaperones, autophagy, endocytosis)	PLOS Biology	1544-9173	PLOS	https://journals.plos.org/plosbiology/s/editorial-board	2022-01-18	NA
Chaitan Khosla	Editorial Board	Stanford University, USA Chemical engineering, polyketide biosynthesis, antibiotic biosynthesis, celiac disease, antivirals	PLOS Biology	1544-9173	PLOS	https://journals.plos.org/plosbiology/s/editorial-board	2022-01-18	NA
Nathalie Balaban 	Editorial Board	The Hebrew University of Jerusalem, Israel Systems biology, biophysics, nanoscience, microbiology	PLOS Biology	1544-9173	PLOS	https://journals.plos.org/plosbiology/s/editorial-board	2022-01-18	NA
Naama Barkai 	Editorial Board	Weizmann Institute of Science, Israel Design principles of biological circuits, phenotypic heterogeneity &amp; persistence, DNA replication &amp; chromatin, hybrid vigor, morphogen gradients &amp; scaling, cell size control	PLOS Biology	1544-9173	PLOS	https://journals.plos.org/plosbiology/s/editorial-board	2022-01-18	NA
Sui Huang	Editorial Board	<U+200B>Institute for Systems Biology, USA Application of dynamical systems modeling to mammalian cells, stem cell differentiation and cancer, computational biology, theory of complex dynamical systems applied to higher organisms and medicine, cell plasticity in progression and drug resistance, evolution of complex systems, pattern formation, evolutionary constraints, gene networks, single-cell transcriptomics (also: bioinformatics, cancer genomics, tumor angiogenesis, stroma, signal transduction in mammalian cells)	PLOS Biology	1544-9173	PLOS	https://journals.plos.org/plosbiology/s/editorial-board	2022-01-18	NA
Robert Insall	Editorial Board	The Beatson Institute for Cancer Research, UK Quantitative cell biology, computational modeling, cell migration, chemotaxis, SCAR/WAVE complex, pseudopods	PLOS Biology	1544-9173	PLOS	https://journals.plos.org/plosbiology/s/editorial-board	2022-01-18	NA
Lisa Bero	Editorial Board	University of Colorado, USA<U+200B> Research evidence, bias in preclinical and clinical studies, research communication with social, political and ethical context, methodological analyses of nutrition research (prevention of obesity, diabetes and cardiovascular disease), improving medicines for noncommunicable diseases in low-resource settings	PLOS Biology	1544-9173	PLOS	https://journals.plos.org/plosbiology/s/editorial-board	2022-01-18	NA
Isabelle Boutron	Editorial Board	Université Paris Descartes, France Evaluation of non-pharmacological treatments, risk of bias, the problems of knowledge and transparency of research	PLOS Biology	1544-9173	PLOS	https://journals.plos.org/plosbiology/s/editorial-board	2022-01-18	NA
Chris Chambers	Editorial Board	Cardiff University, UK Registered Reports and meta-research; brain stimulation (TMS, TES) and brain imaging techniques (fMRI, MRS, MEG) to understand cognitive control, attention and awareness in the human brain; translational applications of cognitive neuroscience in the domain of obesity and behaviour change	PLOS Biology	1544-9173	PLOS	https://journals.plos.org/plosbiology/s/editorial-board	2022-01-18	NA
Ulrich Dirnagl	Editorial Board	Charité–Universitätsmedizin Berlin, Germany Neurology, pre-clinical research, stroke, brain damage, cerebral blood flow regulation, brain imaging	PLOS Biology	1544-9173	PLOS	https://journals.plos.org/plosbiology/s/editorial-board	2022-01-18	NA
Jonathan Kimmelman	Editorial Board	McGill University, Canada Bioethics of translational clinical research, investigation of risk, prediction, validity and knowledge value across the trajectory of drug development, the role and content of clinical research ethics	PLOS Biology	1544-9173	PLOS	https://journals.plos.org/plosbiology/s/editorial-board	2022-01-18	NA
Malcolm Macleod	Editorial Board	<U+200B>University of Edinburgh, UK Neurology, pre-clinical research, evidence-based translational medicine, sources of bias in experimental design	PLOS Biology	1544-9173	PLOS	https://journals.plos.org/plosbiology/s/editorial-board	2022-01-18	NA
Marcus Munafò  	Editorial Board	University of Bristol, UK Registered Reports &amp; meta-research; genome-wide association studies/genomics (also: genetic and cognitive influences on addictive behaviour and tobacco and alcohol use)	PLOS Biology	1544-9173	PLOS	https://journals.plos.org/plosbiology/s/editorial-board	2022-01-18	NA
Bob Siegerink	Editorial Board	Leiden University Medical Center, Netherlands<U+200B> Meta-research, Bayesian inference, models of decision making; human-centred research methodology, including observational studies, and clinical trials (also: thrombosis/hemostasis, coagulation factor)	PLOS Biology	1544-9173	PLOS	https://journals.plos.org/plosbiology/s/editorial-board	2022-01-18	NA
